msg_type msg_id ts ver gen bs_id rnti tmsi imsi imei cipher_alg int_alg est_cause msg rrc_state nas_state sec_state emm_cause rrc_init_timer rrc_inactive_timer nas_initial_timer nas_inactive_timer Attackornot
UE 0 1715198865.5169463 v2.0 SECSM 0 16570 1999998 0 0 0 0 3 RRCSetupRequest 0 0 0 0 0.0 0 0.0 0.0 Benign
UE 1 1715198865.517394 v2.0 SECSM 0 16570 1999998 0 0 0 0 3 RRCSetup 2 0 0 0 1715198865.517394 0 0.0 0.0 Benign
UE 2 1715198865.5500033 v2.0 SECSM 0 16570 1999998 2089900007487 0 0 0 3 RRCSetupComplete 2 0 0 0 1715198865.517394 0 0.0 0.0 Benign
UE 3 1715198865.5500033 v2.0 SECSM 0 16570 1999998 2089900007487 0 0 0 3 Registrationrequest 2 1 0 0 1715198865.517394 0 1715198865.5500033 0.0 Benign
UE 4 1715198865.5585601 v2.0 SECSM 0 16570 1999998 2089900007487 0 0 0 3 Authenticationrequest 2 1 0 0 1715198865.517394 0 1715198865.5500033 0.0 Benign
UE 5 1715198865.579994 v2.0 SECSM 0 16570 1999998 2089900007487 0 0 0 3 Authenticationresponse 2 1 0 0 1715198865.517394 0 1715198865.5500033 0.0 Benign
UE 6 1715198865.583388 v2.0 SECSM 0 16570 1999998 2089900007487 0 0 0 3 Securitymodecommand 2 1 0 0 1715198865.517394 0 1715198865.5500033 0.0 Benign
UE 7 1715198865.6049876 v2.0 SECSM 0 16570 1999998 2089900007487 0 0 0 3 Securitymodecomplete 2 1 1 0 1715198865.517394 0 1715198865.5500033 0.0 Benign
UE 8 1715198865.608814 v2.0 SECSM 0 16570 1999998 2089900007487 0 2 2 3 SecurityModeCommand 2 1 1 0 1715198865.517394 0 1715198865.5500033 0.0 Benign
UE 9 1715198865.8120077 v2.0 SECSM 0 16570 1999998 2089900007487 0 2 2 3 SecurityModeComplete 2 1 1 0 1715198865.517394 0 1715198865.5500033 0.0 Benign
UE 0 1715198983.9773052 v2.0 SECSM 0 40822 0 0 0 0 0 3 RRCSetupRequest 0 0 0 0 0.0 0 0.0 0.0 Benign
UE 1 1715198983.977775 v2.0 SECSM 0 40822 0 0 0 0 0 3 RRCSetup 2 0 0 0 1715198983.977775 0 0.0 0.0 Benign
UE 2 1715198984.0166364 v2.0 SECSM 0 40822 0 2089900007487 0 0 0 3 RRCSetupComplete 2 0 0 0 1715198983.977775 0 0.0 0.0 Benign
UE 3 1715198984.0166364 v2.0 SECSM 0 40822 0 2089900007487 0 0 0 3 Registrationrequest 2 1 0 0 1715198983.977775 0 1715198984.0166364 0.0 Benign
UE 4 1715198984.0246527 v2.0 SECSM 0 40822 0 2089900007487 0 0 0 3 Authenticationrequest 2 1 0 0 1715198983.977775 0 1715198984.0166364 0.0 Benign
UE 5 1715198984.045317 v2.0 SECSM 0 40822 0 2089900007487 0 0 0 3 Authenticationresponse 2 1 0 0 1715198983.977775 0 1715198984.0166364 0.0 Benign
UE 6 1715198984.0481374 v2.0 SECSM 0 40822 0 2089900007487 0 0 0 3 Securitymodecommand 2 1 0 0 1715198983.977775 0 1715198984.0166364 0.0 Benign
UE 7 1715198984.070279 v2.0 SECSM 0 40822 0 2089900007487 0 0 0 3 Securitymodecomplete 2 1 1 0 1715198983.977775 0 1715198984.0166364 0.0 Benign
UE 8 1715198984.073592 v2.0 SECSM 0 40822 0 2089900007487 0 2 2 3 SecurityModeCommand 2 1 1 0 1715198983.977775 0 1715198984.0166364 0.0 Benign
UE 9 1715198984.2759128 v2.0 SECSM 0 40822 0 2089900007487 0 2 2 3 SecurityModeComplete 2 1 1 0 1715198983.977775 0 1715198984.0166364 0.0 Benign
UE 10 1715199014.5770755 v2.0 SECSM 0 62238 0 0 0 0 0 3 RRCSetupRequest 0 0 0 0 0.0 0 0.0 0.0 Benign
UE 11 1715199014.5774968 v2.0 SECSM 0 62238 0 0 0 0 0 3 RRCSetup 2 0 0 0 1715199014.5774968 0 0.0 0.0 Benign
UE 12 1715199014.6104577 v2.0 SECSM 0 62238 0 2089900007488 0 0 0 3 RRCSetupComplete 2 0 0 0 1715199014.5774968 0 0.0 0.0 Benign
UE 13 1715199014.6104577 v2.0 SECSM 0 62238 0 2089900007488 0 0 0 3 Registrationrequest 2 1 0 0 1715199014.5774968 0 1715199014.6104577 0.0 Benign
UE 14 1715199014.6184254 v2.0 SECSM 0 62238 0 2089900007488 0 0 0 3 Authenticationrequest 2 1 0 0 1715199014.5774968 0 1715199014.6104577 0.0 Benign
UE 15 1715199014.646697 v2.0 SECSM 0 62238 0 2089900007488 0 0 0 3 Authenticationresponse 2 1 0 0 1715199014.5774968 0 1715199014.6104577 0.0 Benign
UE 16 1715199014.6498744 v2.0 SECSM 0 62238 0 2089900007488 0 0 0 3 Securitymodecommand 2 1 0 0 1715199014.5774968 0 1715199014.6104577 0.0 Benign
UE 17 1715199014.6764293 v2.0 SECSM 0 62238 0 2089900007488 0 0 0 3 Securitymodecomplete 2 1 1 0 1715199014.5774968 0 1715199014.6104577 0.0 Benign
UE 18 1715199014.6801105 v2.0 SECSM 0 62238 0 2089900007488 0 2 2 3 SecurityModeCommand 2 1 1 0 1715199014.5774968 0 1715199014.6104577 0.0 Benign
UE 19 1715199014.88395 v2.0 SECSM 0 62238 0 2089900007488 0 2 2 3 SecurityModeComplete 2 1 1 0 1715199014.5774968 0 1715199014.6104577 0.0 Benign
UE 0 1717774529.72678 v2.0 SECSM 0 46811 0 0 0 0 0 3 RRCSetupRequest 0 0 0 0 0.0 0 0.0 0.0 Benign
UE 1 1717774529.7270706 v2.0 SECSM 0 46811 0 0 0 0 0 3 RRCSetup 2 0 0 0 1717774529.7270706 0 0.0 0.0 Benign
UE 2 1717774529.7605228 v2.0 SECSM 0 46811 0 2089900007487 0 0 0 3 RRCSetupComplete 2 0 0 0 1717774529.7270706 0 0.0 0.0 Benign
UE 3 1717774529.7605228 v2.0 SECSM 0 46811 0 2089900007487 0 0 0 3 Registrationrequest 2 1 0 0 1717774529.7270706 0 1717774529.7605228 0.0 Benign
UE 4 1717774529.8538465 v2.0 SECSM 0 46811 0 2089900007487 0 0 0 3 Authenticationrequest 2 1 0 0 1717774529.7270706 0 1717774529.7605228 0.0 Benign
UE 5 1717774529.8704755 v2.0 SECSM 0 46811 0 2089900007487 0 0 0 3 Authenticationresponse 2 1 0 0 1717774529.7270706 0 1717774529.7605228 0.0 Benign
UE 6 1717774529.873629 v2.0 SECSM 0 46811 0 2089900007487 0 0 0 3 Securitymodecommand 2 1 0 0 1717774529.7270706 0 1717774529.7605228 0.0 Benign
UE 7 1717774529.8955028 v2.0 SECSM 0 46811 0 2089900007487 0 0 0 3 Securitymodecomplete 2 1 1 0 1717774529.7270706 0 1717774529.7605228 0.0 Benign
UE 8 1717774529.8993628 v2.0 SECSM 0 46811 0 2089900007487 0 2 2 3 SecurityModeCommand 2 1 1 0 1717774529.7270706 0 1717774529.7605228 0.0 Benign
UE 9 1717774530.1028168 v2.0 SECSM 0 46811 0 2089900007487 0 2 2 3 SecurityModeComplete 2 1 1 0 1717774529.7270706 0 1717774529.7605228 0.0 Benign
UE 10 1717774562.7265685 v2.0 SECSM 0 56656 0 0 0 0 0 3 RRCSetupRequest 0 0 0 0 0.0 0 0.0 0.0 Benign
UE 11 1717774562.7268326 v2.0 SECSM 0 56656 0 0 0 0 0 3 RRCSetup 2 0 0 0 1717774562.7268326 0 0.0 0.0 Benign
UE 12 1717774562.7605424 v2.0 SECSM 0 56656 0 2089900007488 0 0 0 3 RRCSetupComplete 2 0 0 0 1717774562.7268326 0 0.0 0.0 Benign
UE 13 1717774562.7605424 v2.0 SECSM 0 56656 0 2089900007488 0 0 0 3 Registrationrequest 2 1 0 0 1717774562.7268326 0 1717774562.7605424 0.0 Benign
UE 14 1717774562.8871617 v2.0 SECSM 0 56656 0 2089900007488 0 0 0 3 Authenticationrequest 2 1 0 0 1717774562.7268326 0 1717774562.7605424 0.0 Benign
UE 15 1717774562.9104943 v2.0 SECSM 0 56656 0 2089900007488 0 0 0 3 Authenticationresponse 2 1 0 0 1717774562.7268326 0 1717774562.7605424 0.0 Benign
UE 16 1717774562.9136617 v2.0 SECSM 0 56656 0 2089900007488 0 0 0 3 Securitymodecommand 2 1 0 0 1717774562.7268326 0 1717774562.7605424 0.0 Benign
UE 17 1717774562.9356096 v2.0 SECSM 0 56656 0 2089900007488 0 0 0 3 Securitymodecomplete 2 1 1 0 1717774562.7268326 0 1717774562.7605424 0.0 Benign
UE 18 1717774562.939646 v2.0 SECSM 0 56656 0 2089900007488 0 2 2 3 SecurityModeCommand 2 1 1 0 1717774562.7268326 0 1717774562.7605424 0.0 Benign
UE 19 1717774563.142867 v2.0 SECSM 0 56656 0 2089900007488 0 2 2 3 SecurityModeComplete 2 1 1 0 1717774562.7268326 0 1717774562.7605424 0.0 Benign
UE 20 1717774589.82668 v2.0 SECSM 0 21357 0 0 0 0 0 3 RRCSetupRequest 0 0 0 0 0.0 0 0.0 0.0 Benign
UE 21 1717774589.8269372 v2.0 SECSM 0 21357 0 0 0 0 0 3 RRCSetup 2 0 0 0 1717774589.8269372 0 0.0 0.0 Benign
UE 22 1717774589.860642 v2.0 SECSM 0 21357 0 2089900007489 0 0 0 3 RRCSetupComplete 2 0 0 0 1717774589.8269372 0 0.0 0.0 Benign
UE 23 1717774589.860642 v2.0 SECSM 0 21357 0 2089900007489 0 0 0 3 Registrationrequest 2 1 0 0 1717774589.8269372 0 1717774589.860642 0.0 Benign
UE 24 1717774589.9454813 v2.0 SECSM 0 21357 0 2089900007489 0 0 0 3 Authenticationrequest 2 1 0 0 1717774589.8269372 0 1717774589.860642 0.0 Benign
UE 25 1717774589.96116 v2.0 SECSM 0 21357 0 2089900007489 0 0 0 3 Authenticationresponse 2 1 0 0 1717774589.8269372 0 1717774589.860642 0.0 Benign
UE 26 1717774589.9642465 v2.0 SECSM 0 21357 0 2089900007489 0 0 0 3 Securitymodecommand 2 1 0 0 1717774589.8269372 0 1717774589.860642 0.0 Benign
UE 27 1717774589.9856474 v2.0 SECSM 0 21357 0 2089900007489 0 0 0 3 Securitymodecomplete 2 1 1 0 1717774589.8269372 0 1717774589.860642 0.0 Benign
UE 28 1717774589.989372 v2.0 SECSM 0 21357 0 2089900007489 0 2 2 3 SecurityModeCommand 2 1 1 0 1717774589.8269372 0 1717774589.860642 0.0 Benign
UE 29 1717774590.1908743 v2.0 SECSM 0 21357 0 2089900007489 0 2 2 3 SecurityModeComplete 2 1 1 0 1717774589.8269372 0 1717774589.860642 0.0 Benign
UE 30 1717774618.8267243 v2.0 SECSM 0 44652 0 0 0 0 0 3 RRCSetupRequest 0 0 0 0 0.0 0 0.0 0.0 Benign
UE 31 1717774618.8269868 v2.0 SECSM 0 44652 0 0 0 0 0 3 RRCSetup 2 0 0 0 1717774618.8269868 0 0.0 0.0 Benign
UE 32 1717774618.8607311 v2.0 SECSM 0 44652 0 2089900007490 0 0 0 3 RRCSetupComplete 2 0 0 0 1717774618.8269868 0 0.0 0.0 Benign
UE 33 1717774618.8607311 v2.0 SECSM 0 44652 0 2089900007490 0 0 0 3 Registrationrequest 2 1 0 0 1717774618.8269868 0 1717774618.8607311 0.0 Benign
UE 34 1717774618.93721 v2.0 SECSM 0 44652 0 2089900007490 0 0 0 3 Authenticationrequest 2 1 0 0 1717774618.8269868 0 1717774618.8607311 0.0 Benign
UE 35 1717774618.951744 v2.0 SECSM 0 44652 0 2089900007490 0 0 0 3 Authenticationresponse 2 1 0 0 1717774618.8269868 0 1717774618.8607311 0.0 Benign
UE 36 1717774618.9551096 v2.0 SECSM 0 44652 0 2089900007490 0 0 0 3 Securitymodecommand 2 1 0 0 1717774618.8269868 0 1717774618.8607311 0.0 Benign
UE 37 1717774618.9757426 v2.0 SECSM 0 44652 0 2089900007490 0 0 0 3 Securitymodecomplete 2 1 1 0 1717774618.8269868 0 1717774618.8607311 0.0 Benign
UE 38 1717774618.9798973 v2.0 SECSM 0 44652 0 2089900007490 0 2 2 3 SecurityModeCommand 2 1 1 0 1717774618.8269868 0 1717774618.8607311 0.0 Benign
UE 39 1717774619.1828744 v2.0 SECSM 0 44652 0 2089900007490 0 2 2 3 SecurityModeComplete 2 1 1 0 1717774618.8269868 0 1717774618.8607311 0.0 Benign
UE 40 1717774644.8267648 v2.0 SECSM 0 3554 0 0 0 0 0 3 RRCSetupRequest 0 0 0 0 0.0 0 0.0 0.0 Benign
UE 41 1717774644.8270376 v2.0 SECSM 0 3554 0 0 0 0 0 3 RRCSetup 2 0 0 0 1717774644.8270376 0 0.0 0.0 Benign
UE 42 1717774644.8607185 v2.0 SECSM 0 3554 0 2089900007491 0 0 0 3 RRCSetupComplete 2 0 0 0 1717774644.8270376 0 0.0 0.0 Benign
UE 43 1717774644.8607185 v2.0 SECSM 0 3554 0 2089900007491 0 0 0 3 Registrationrequest 2 1 0 0 1717774644.8270376 0 1717774644.8607185 0.0 Benign
UE 44 1717774644.9290273 v2.0 SECSM 0 3554 0 2089900007491 0 0 0 3 Authenticationrequest 2 1 0 0 1717774644.8270376 0 1717774644.8607185 0.0 Benign
UE 45 1717774644.9507575 v2.0 SECSM 0 3554 0 2089900007491 0 0 0 3 Authenticationresponse 2 1 0 0 1717774644.8270376 0 1717774644.8607185 0.0 Benign
UE 46 1717774644.9539185 v2.0 SECSM 0 3554 0 2089900007491 0 0 0 3 Securitymodecommand 2 1 0 0 1717774644.8270376 0 1717774644.8607185 0.0 Benign
UE 47 1717774644.9757657 v2.0 SECSM 0 3554 0 2089900007491 0 0 0 3 Securitymodecomplete 2 1 1 0 1717774644.8270376 0 1717774644.8607185 0.0 Benign
UE 48 1717774644.9798625 v2.0 SECSM 0 3554 0 2089900007491 0 2 2 3 SecurityModeCommand 2 1 1 0 1717774644.8270376 0 1717774644.8607185 0.0 Benign
UE 49 1717774645.1828744 v2.0 SECSM 0 3554 0 2089900007491 0 2 2 3 SecurityModeComplete 2 1 1 0 1717774644.8270376 0 1717774644.8607185 0.0 Benign
UE 50 1717774673.826913 v2.0 SECSM 0 27644 0 0 0 0 0 3 RRCSetupRequest 0 0 0 0 0.0 0 0.0 0.0 Benign
UE 51 1717774673.8271751 v2.0 SECSM 0 27644 0 0 0 0 0 3 RRCSetup 2 0 0 0 1717774673.8271751 0 0.0 0.0 Benign
UE 52 1717774673.8608232 v2.0 SECSM 0 27644 0 2089900007492 0 0 0 3 RRCSetupComplete 2 0 0 0 1717774673.8271751 0 0.0 0.0 Benign
UE 53 1717774673.8608232 v2.0 SECSM 0 27644 0 2089900007492 0 0 0 3 Registrationrequest 2 1 0 0 1717774673.8271751 0 1717774673.8608232 0.0 Benign
UE 54 1717774673.9538708 v2.0 SECSM 0 27644 0 2089900007492 0 0 0 3 Authenticationrequest 2 1 0 0 1717774673.8271751 0 1717774673.8608232 0.0 Benign
UE 55 1717774673.9613163 v2.0 SECSM 0 27644 0 2089900007492 0 0 0 3 Authenticationresponse 2 1 0 0 1717774673.8271751 0 1717774673.8608232 0.0 Benign
UE 56 1717774673.9645648 v2.0 SECSM 0 27644 0 2089900007492 0 0 0 3 Securitymodecommand 2 1 0 0 1717774673.8271751 0 1717774673.8608232 0.0 Benign
UE 57 1717774673.976982 v2.0 SECSM 0 27644 0 2089900007492 0 0 0 3 Securitymodecomplete 2 1 1 0 1717774673.8271751 0 1717774673.8608232 0.0 Benign
UE 58 1717774673.9811087 v2.0 SECSM 0 27644 0 2089900007492 0 2 2 3 SecurityModeCommand 2 1 1 0 1717774673.8271751 0 1717774673.8608232 0.0 Benign
UE 59 1717774674.1828737 v2.0 SECSM 0 27644 0 2089900007492 0 2 2 3 SecurityModeComplete 2 1 1 0 1717774673.8271751 0 1717774673.8608232 0.0 Benign
UE 60 1717774700.7269511 v2.0 SECSM 0 35084 0 0 0 0 0 3 RRCSetupRequest 0 0 0 0 0.0 0 0.0 0.0 Benign
UE 61 1717774700.727209 v2.0 SECSM 0 35084 0 0 0 0 0 3 RRCSetup 2 0 0 0 1717774700.727209 0 0.0 0.0 Benign
UE 62 1717774700.7608893 v2.0 SECSM 0 35084 0 2089900007493 0 0 0 3 RRCSetupComplete 2 0 0 0 1717774700.727209 0 0.0 0.0 Benign
UE 63 1717774700.7608893 v2.0 SECSM 0 35084 0 2089900007493 0 0 0 3 Registrationrequest 2 1 0 0 1717774700.727209 0 1717774700.7608893 0.0 Benign
UE 64 1717774700.8372192 v2.0 SECSM 0 35084 0 2089900007493 0 0 0 3 Authenticationrequest 2 1 0 0 1717774700.727209 0 1717774700.7608893 0.0 Benign
UE 65 1717774700.860898 v2.0 SECSM 0 35084 0 2089900007493 0 0 0 3 Authenticationresponse 2 1 0 0 1717774700.727209 0 1717774700.7608893 0.0 Benign
UE 66 1717774700.864363 v2.0 SECSM 0 35084 0 2089900007493 0 0 0 3 Securitymodecommand 2 1 0 0 1717774700.727209 0 1717774700.7608893 0.0 Benign
UE 67 1717774700.885882 v2.0 SECSM 0 35084 0 2089900007493 0 0 0 3 Securitymodecomplete 2 1 1 0 1717774700.727209 0 1717774700.7608893 0.0 Benign
UE 68 1717774700.8900971 v2.0 SECSM 0 35084 0 2089900007493 0 2 2 3 SecurityModeCommand 2 1 1 0 1717774700.727209 0 1717774700.7608893 0.0 Benign
UE 69 1717774701.0948656 v2.0 SECSM 0 35084 0 2089900007493 0 2 2 3 SecurityModeComplete 2 1 1 0 1717774700.727209 0 1717774700.7608893 0.0 Benign
UE 70 1717774725.7269988 v2.0 SECSM 0 57362 0 0 0 0 0 3 RRCSetupRequest 0 0 0 0 0.0 0 0.0 0.0 Benign
UE 71 1717774725.7272558 v2.0 SECSM 0 57362 0 0 0 0 0 3 RRCSetup 2 0 0 0 1717774725.7272558 0 0.0 0.0 Benign
UE 72 1717774725.7609756 v2.0 SECSM 0 57362 0 2089900007494 0 0 0 3 RRCSetupComplete 2 0 0 0 1717774725.7272558 0 0.0 0.0 Benign
UE 73 1717774725.7609756 v2.0 SECSM 0 57362 0 2089900007494 0 0 0 3 Registrationrequest 2 1 0 0 1717774725.7272558 0 1717774725.7609756 0.0 Benign
UE 74 1717774725.9038813 v2.0 SECSM 0 57362 0 2089900007494 0 0 0 3 Authenticationrequest 2 1 0 0 1717774725.7272558 0 1717774725.7609756 0.0 Benign
UE 75 1717774725.9259763 v2.0 SECSM 0 57362 0 2089900007494 0 0 0 3 Authenticationresponse 2 1 0 0 1717774725.7272558 0 1717774725.7609756 0.0 Benign
UE 76 1717774725.9291909 v2.0 SECSM 0 57362 0 2089900007494 0 0 0 3 Securitymodecommand 2 1 0 0 1717774725.7272558 0 1717774725.7609756 0.0 Benign
UE 77 1717774725.950936 v2.0 SECSM 0 57362 0 2089900007494 0 0 0 3 Securitymodecomplete 2 1 1 0 1717774725.7272558 0 1717774725.7609756 0.0 Benign
UE 78 1717774725.9550636 v2.0 SECSM 0 57362 0 2089900007494 0 2 2 3 SecurityModeCommand 2 1 1 0 1717774725.7272558 0 1717774725.7609756 0.0 Benign
UE 79 1717774726.158864 v2.0 SECSM 0 57362 0 2089900007494 0 2 2 3 SecurityModeComplete 2 1 1 0 1717774725.7272558 0 1717774725.7609756 0.0 Benign
UE 80 1717774763.827106 v2.0 SECSM 0 32284 0 0 0 0 0 3 RRCSetupRequest 0 0 0 0 0.0 0 0.0 0.0 Benign
UE 81 1717774763.8273723 v2.0 SECSM 0 32284 0 0 0 0 0 3 RRCSetup 2 0 0 0 1717774763.8273723 0 0.0 0.0 Benign
UE 82 1717774763.852088 v2.0 SECSM 0 32284 0 2089900007495 0 0 0 3 RRCSetupComplete 2 0 0 0 1717774763.8273723 0 0.0 0.0 Benign
UE 83 1717774763.852088 v2.0 SECSM 0 32284 0 2089900007495 0 0 0 3 Registrationrequest 2 1 0 0 1717774763.8273723 0 1717774763.852088 0.0 Benign
UE 84 1717774763.9538095 v2.0 SECSM 0 32284 0 2089900007495 0 0 0 3 Authenticationrequest 2 1 0 0 1717774763.8273723 0 1717774763.852088 0.0 Benign
UE 85 1717774763.9710417 v2.0 SECSM 0 32284 0 2089900007495 0 0 0 3 Authenticationresponse 2 1 0 0 1717774763.8273723 0 1717774763.852088 0.0 Benign
UE 86 1717774763.9742246 v2.0 SECSM 0 32284 0 2089900007495 0 0 0 3 Securitymodecommand 2 1 0 0 1717774763.8273723 0 1717774763.852088 0.0 Benign
UE 87 1717774763.9870832 v2.0 SECSM 0 32284 0 2089900007495 0 0 0 3 Securitymodecomplete 2 1 1 0 1717774763.8273723 0 1717774763.852088 0.0 Benign
UE 88 1717774763.991182 v2.0 SECSM 0 32284 0 2089900007495 0 2 2 3 SecurityModeCommand 2 1 1 0 1717774763.8273723 0 1717774763.852088 0.0 Benign
UE 89 1717774764.1988647 v2.0 SECSM 0 32284 0 2089900007495 0 2 2 3 SecurityModeComplete 2 1 1 0 1717774763.8273723 0 1717774763.852088 0.0 Benign
UE 90 1717774790.8271213 v2.0 SECSM 0 31095 0 0 0 0 0 3 RRCSetupRequest 0 0 0 0 0.0 0 0.0 0.0 Benign
UE 91 1717774790.8273888 v2.0 SECSM 0 31095 0 0 0 0 0 3 RRCSetup 2 0 0 0 1717774790.8273888 0 0.0 0.0 Benign
UE 92 1717774790.8611174 v2.0 SECSM 0 31095 0 2089900007496 0 0 0 3 RRCSetupComplete 2 0 0 0 1717774790.8273888 0 0.0 0.0 Benign
UE 93 1717774790.8611174 v2.0 SECSM 0 31095 0 2089900007496 0 0 0 3 Registrationrequest 2 1 0 0 1717774790.8273888 0 1717774790.8611174 0.0 Benign
UE 94 1717774790.995539 v2.0 SECSM 0 31095 0 2089900007496 0 0 0 3 Authenticationrequest 2 1 0 0 1717774790.8273888 0 1717774790.8611174 0.0 Benign
UE 95 1717774791.0161443 v2.0 SECSM 0 31095 0 2089900007496 0 0 0 3 Authenticationresponse 2 1 0 0 1717774790.8273888 0 1717774790.8611174 0.0 Benign
UE 96 1717774791.019269 v2.0 SECSM 0 31095 0 2089900007496 0 0 0 3 Securitymodecommand 2 1 0 0 1717774790.8273888 0 1717774790.8611174 0.0 Benign
UE 97 1717774791.041114 v2.0 SECSM 0 31095 0 2089900007496 0 0 0 3 Securitymodecomplete 2 1 1 0 1717774790.8273888 0 1717774790.8611174 0.0 Benign
UE 98 1717774791.044844 v2.0 SECSM 0 31095 0 2089900007496 0 2 2 3 SecurityModeCommand 2 1 1 0 1717774790.8273888 0 1717774790.8611174 0.0 Benign
UE 99 1717774791.2468736 v2.0 SECSM 0 31095 0 2089900007496 0 2 2 3 SecurityModeComplete 2 1 1 0 1717774790.8273888 0 1717774790.8611174 0.0 Benign
UE 0 1699285392.824085 v2.0 SECSM 0 13556 0 0 0 0 0 3 RRCSetupRequest 0 0 0 0 0.0 0 0.0 0.0 Benign
UE 1 1699285392.826954 v2.0 SECSM 0 13556 0 0 0 0 0 3 RRCSetup 2 0 0 0 1699285392.826954 0 0.0 0.0 Benign
UE 2 1699285392.852187 v2.0 SECSM 0 13556 0 999700000000001 0 0 0 3 RRCSetupComplete 2 0 0 0 1699285392.826954 0 0.0 0.0 Benign
UE 3 1699285392.852187 v2.0 SECSM 0 13556 0 999700000000001 0 0 0 3 Registrationrequest 2 1 0 0 1699285392.826954 0 1699285392.852187 0.0 Benign
UE 4 1699285392.869599 v2.0 SECSM 0 13556 0 999700000000001 0 0 0 3 Authenticationrequest 2 1 0 0 1699285392.826954 0 1699285392.852187 0.0 Benign
UE 5 1699285392.879902 v2.0 SECSM 0 13556 0 999700000000001 0 0 0 3 Authenticationresponse 2 1 0 0 1699285392.826954 0 1699285392.852187 0.0 Benign
UE 6 1699285392.885492 v2.0 SECSM 0 13556 0 999700000000001 0 0 0 3 Registrationreject 2 0 0 3 1699285392.826954 0 1699285392.852187 1699285392.885492 Benign
UE 0 1717775477.128798 v2.0 SECSM 0 50422 0 0 0 0 0 3 RRCSetupRequest 0 0 0 0 0.0 0 0.0 0.0 Benign
UE 1 1717775477.12909 v2.0 SECSM 0 50422 0 0 0 0 0 3 RRCSetup 2 0 0 0 1717775477.12909 0 0.0 0.0 Benign
UE 2 1717775477.443816 v2.0 SECSM 0 50422 0 2089900007487 0 0 0 3 RRCSetupComplete 2 0 0 0 1717775477.12909 0 0.0 0.0 Benign
UE 3 1717775477.443816 v2.0 SECSM 0 50422 0 2089900007487 0 0 0 3 Registrationrequest 2 1 0 0 1717775477.12909 0 1717775477.443816 0.0 Benign
UE 4 1717775477.562399 v2.0 SECSM 0 50422 0 2089900007487 0 0 0 3 Authenticationrequest 2 1 0 0 1717775477.12909 0 1717775477.443816 0.0 Benign
UE 5 1717775477.6888115 v2.0 SECSM 0 50422 0 2089900007487 0 0 0 3 Authenticationresponse 2 1 0 0 1717775477.12909 0 1717775477.443816 0.0 Benign
UE 6 1717775477.6918867 v2.0 SECSM 0 50422 0 2089900007487 0 0 0 3 Securitymodecommand 2 1 0 0 1717775477.12909 0 1717775477.443816 0.0 Benign
UE 7 1717775505.2287948 v2.0 SECSM 0 39389 0 0 0 0 0 3 RRCSetupRequest 0 0 0 0 0.0 0 0.0 0.0 Benign
UE 8 1717775505.229062 v2.0 SECSM 0 39389 0 0 0 0 0 3 RRCSetup 2 0 0 0 1717775505.229062 0 0.0 0.0 Benign
UE 9 1717775505.6538837 v2.0 SECSM 0 39389 0 2089900007488 0 0 0 3 RRCSetupComplete 2 0 0 0 1717775505.229062 0 0.0 0.0 Benign
UE 10 1717775505.6538837 v2.0 SECSM 0 39389 0 2089900007488 0 0 0 3 Registrationrequest 2 1 0 0 1717775505.229062 0 1717775505.6538837 0.0 Benign
UE 11 1717775505.7290928 v2.0 SECSM 0 39389 0 2089900007488 0 0 0 3 Authenticationrequest 2 1 0 0 1717775505.229062 0 1717775505.6538837 0.0 Benign
UE 12 1717775505.7590055 v2.0 SECSM 0 39389 0 2089900007488 0 0 0 3 Authenticationresponse 2 1 0 0 1717775505.229062 0 1717775505.6538837 0.0 Benign
UE 13 1717775505.76244 v2.0 SECSM 0 39389 0 2089900007488 0 0 0 3 Securitymodecommand 2 1 0 0 1717775505.229062 0 1717775505.6538837 0.0 Benign
UE 14 1717775530.8289196 v2.0 SECSM 0 55426 0 0 0 0 0 3 RRCSetupRequest 0 0 0 0 0.0 0 0.0 0.0 Benign
UE 15 1717775530.8291807 v2.0 SECSM 0 55426 0 0 0 0 0 3 RRCSetup 2 0 0 0 1717775530.8291807 0 0.0 0.0 Benign
UE 16 1717775530.8689668 v2.0 SECSM 0 55426 0 2089900007489 0 0 0 3 RRCSetupComplete 2 0 0 0 1717775530.8291807 0 0.0 0.0 Benign
UE 17 1717775530.8689668 v2.0 SECSM 0 55426 0 2089900007489 0 0 0 3 Registrationrequest 2 1 0 0 1717775530.8291807 0 1717775530.8689668 0.0 Benign
UE 18 1717775531.0624661 v2.0 SECSM 0 55426 0 2089900007489 0 0 0 3 Authenticationrequest 2 1 0 0 1717775530.8291807 0 1717775530.8689668 0.0 Benign
UE 19 1717775531.0828853 v2.0 SECSM 0 55426 0 2089900007489 0 0 0 3 Authenticationresponse 2 1 0 0 1717775530.8291807 0 1717775530.8689668 0.0 Benign
UE 20 1717775531.086316 v2.0 SECSM 0 55426 0 2089900007489 0 0 0 3 Securitymodecommand 2 1 0 0 1717775530.8291807 0 1717775530.8689668 0.0 Benign
UE 21 1717775531.0990644 v2.0 SECSM 0 55426 0 2089900007489 0 0 0 3 Securitymodecomplete 2 1 1 0 1717775530.8291807 0 1717775530.8689668 0.0 Benign
UE 22 1717775531.103294 v2.0 SECSM 0 55426 0 2089900007489 0 2 2 3 SecurityModeCommand 2 1 1 0 1717775530.8291807 0 1717775530.8689668 0.0 Benign
UE 23 1717775531.31072 v2.0 SECSM 0 55426 0 2089900007489 0 2 2 3 SecurityModeComplete 2 1 1 0 1717775530.8291807 0 1717775530.8689668 0.0 Benign
UE 24 1717775552.928979 v2.0 SECSM 0 5878 0 0 0 0 0 3 RRCSetupRequest 0 0 0 0 0.0 0 0.0 0.0 Benign
UE 25 1717775552.929232 v2.0 SECSM 0 5878 0 0 0 0 0 3 RRCSetup 2 0 0 0 1717775552.929232 0 0.0 0.0 Benign
UE 26 1717775552.968992 v2.0 SECSM 0 5878 0 2089900007490 0 0 0 3 RRCSetupComplete 2 0 0 0 1717775552.929232 0 0.0 0.0 Benign
UE 27 1717775552.968992 v2.0 SECSM 0 5878 0 2089900007490 0 0 0 3 Registrationrequest 2 1 0 0 1717775552.929232 0 1717775552.968992 0.0 Benign
UE 28 1717775553.070722 v2.0 SECSM 0 5878 0 2089900007490 0 0 0 3 Authenticationrequest 2 1 0 0 1717775552.929232 0 1717775552.968992 0.0 Benign
UE 29 1717775553.0991273 v2.0 SECSM 0 5878 0 2089900007490 0 0 0 3 Authenticationresponse 2 1 0 0 1717775552.929232 0 1717775552.968992 0.0 Benign
UE 30 1717775553.1025178 v2.0 SECSM 0 5878 0 2089900007490 0 0 0 3 Securitymodecommand 2 1 0 0 1717775552.929232 0 1717775552.968992 0.0 Benign
UE 31 1717775553.1289933 v2.0 SECSM 0 5878 0 2089900007490 0 0 0 3 Securitymodecomplete 2 1 1 0 1717775552.929232 0 1717775552.968992 0.0 Benign
UE 32 1717775553.1329768 v2.0 SECSM 0 5878 0 2089900007490 0 2 2 3 SecurityModeCommand 2 1 1 0 1717775552.929232 0 1717775552.968992 0.0 Benign
UE 33 1717775553.3347192 v2.0 SECSM 0 5878 0 2089900007490 0 2 2 3 SecurityModeComplete 2 1 1 0 1717775552.929232 0 1717775552.968992 0.0 Benign
UE 34 1717775582.8290527 v2.0 SECSM 0 64718 0 0 0 0 0 3 RRCSetupRequest 0 0 0 0 0.0 0 0.0 0.0 Benign
UE 35 1717775582.8292964 v2.0 SECSM 0 64718 0 0 0 0 0 3 RRCSetup 2 0 0 0 1717775582.8292964 0 0.0 0.0 Benign
UE 36 1717775582.8540297 v2.0 SECSM 0 64718 0 2089900007491 0 0 0 3 RRCSetupComplete 2 0 0 0 1717775582.8292964 0 0.0 0.0 Benign
UE 37 1717775582.8540297 v2.0 SECSM 0 64718 0 2089900007491 0 0 0 3 Registrationrequest 2 1 0 0 1717775582.8292964 0 1717775582.8540297 0.0 Benign
UE 38 1717775582.9456837 v2.0 SECSM 0 64718 0 2089900007491 0 0 0 3 Authenticationrequest 2 1 0 0 1717775582.8292964 0 1717775582.8540297 0.0 Benign
UE 39 1717775582.968015 v2.0 SECSM 0 64718 0 2089900007491 0 0 0 3 Authenticationresponse 2 1 0 0 1717775582.8292964 0 1717775582.8540297 0.0 Benign
UE 40 1717775582.9711256 v2.0 SECSM 0 64718 0 2089900007491 0 0 0 3 Securitymodecommand 2 1 0 0 1717775582.8292964 0 1717775582.8540297 0.0 Benign
UE 41 1717775582.9840052 v2.0 SECSM 0 64718 0 2089900007491 0 0 0 3 Securitymodecomplete 2 1 1 0 1717775582.8292964 0 1717775582.8540297 0.0 Benign
UE 42 1717775582.9877129 v2.0 SECSM 0 64718 0 2089900007491 0 2 2 3 SecurityModeCommand 2 1 1 0 1717775582.8292964 0 1717775582.8540297 0.0 Benign
UE 43 1717775583.1907177 v2.0 SECSM 0 64718 0 2089900007491 0 2 2 3 SecurityModeComplete 2 1 1 0 1717775582.8292964 0 1717775582.8540297 0.0 Benign
UE 44 1717775610.8291636 v2.0 SECSM 0 39892 0 0 0 0 0 3 RRCSetupRequest 0 0 0 0 0.0 0 0.0 0.0 Benign
UE 45 1717775610.8294 v2.0 SECSM 0 39892 0 0 0 0 0 3 RRCSetup 2 0 0 0 1717775610.8294 0 0.0 0.0 Benign
UE 46 1717775610.8630872 v2.0 SECSM 0 39892 0 2089900007492 0 0 0 3 RRCSetupComplete 2 0 0 0 1717775610.8294 0 0.0 0.0 Benign
UE 47 1717775610.8630872 v2.0 SECSM 0 39892 0 2089900007492 0 0 0 3 Registrationrequest 2 1 0 0 1717775610.8294 0 1717775610.8630872 0.0 Benign
UE 48 1717775610.9623811 v2.0 SECSM 0 39892 0 2089900007492 0 0 0 3 Authenticationrequest 2 1 0 0 1717775610.8294 0 1717775610.8630872 0.0 Benign
UE 49 1717775610.983052 v2.0 SECSM 0 39892 0 2089900007492 0 0 0 3 Authenticationresponse 2 1 0 0 1717775610.8294 0 1717775610.8630872 0.0 Benign
UE 50 1717775610.9863694 v2.0 SECSM 0 39892 0 2089900007492 0 0 0 3 Securitymodecommand 2 1 0 0 1717775610.8294 0 1717775610.8630872 0.0 Benign
UE 51 1717775611.0080876 v2.0 SECSM 0 39892 0 2089900007492 0 0 0 3 Securitymodecomplete 2 1 1 0 1717775610.8294 0 1717775610.8630872 0.0 Benign
UE 52 1717775611.0118508 v2.0 SECSM 0 39892 0 2089900007492 0 2 2 3 SecurityModeCommand 2 1 1 0 1717775610.8294 0 1717775610.8630872 0.0 Benign
UE 53 1717775611.1428866 v2.0 SECSM 0 39892 0 2089900007492 0 2 2 3 SecurityModeComplete 2 1 1 0 1717775610.8294 0 1717775610.8630872 0.0 Benign
UE 54 1717775638.7292333 v2.0 SECSM 0 55731 0 0 0 0 0 3 RRCSetupRequest 0 0 0 0 0.0 0 0.0 0.0 Benign
UE 55 1717775638.729497 v2.0 SECSM 0 55731 0 0 0 0 0 3 RRCSetup 2 0 0 0 1717775638.729497 0 0.0 0.0 Benign
UE 56 1717775638.7631464 v2.0 SECSM 0 55731 0 2089900007493 0 0 0 3 RRCSetupComplete 2 0 0 0 1717775638.729497 0 0.0 0.0 Benign
UE 57 1717775638.7631464 v2.0 SECSM 0 55731 0 2089900007493 0 0 0 3 Registrationrequest 2 1 0 0 1717775638.729497 0 1717775638.7631464 0.0 Benign
UE 58 1717775638.854054 v2.0 SECSM 0 55731 0 2089900007493 0 0 0 3 Authenticationrequest 2 1 0 0 1717775638.729497 0 1717775638.7631464 0.0 Benign
UE 59 1717775638.8731723 v2.0 SECSM 0 55731 0 2089900007493 0 0 0 3 Authenticationresponse 2 1 0 0 1717775638.729497 0 1717775638.7631464 0.0 Benign
UE 60 1717775638.8762348 v2.0 SECSM 0 55731 0 2089900007493 0 0 0 3 Securitymodecommand 2 1 0 0 1717775638.729497 0 1717775638.7631464 0.0 Benign
UE 61 1717775638.898199 v2.0 SECSM 0 55731 0 2089900007493 0 0 0 3 Securitymodecomplete 2 1 1 0 1717775638.729497 0 1717775638.7631464 0.0 Benign
UE 62 1717775638.9018345 v2.0 SECSM 0 55731 0 2089900007493 0 2 2 3 SecurityModeCommand 2 1 1 0 1717775638.729497 0 1717775638.7631464 0.0 Benign
UE 63 1717775639.1027217 v2.0 SECSM 0 55731 0 2089900007493 0 2 2 3 SecurityModeComplete 2 1 1 0 1717775638.729497 0 1717775638.7631464 0.0 Benign
UE 64 1717775669.729441 v2.0 SECSM 0 56431 0 0 0 0 0 3 RRCSetupRequest 0 0 0 0 0.0 0 0.0 0.0 Benign
UE 65 1717775669.729702 v2.0 SECSM 0 56431 0 0 0 0 0 3 RRCSetup 2 0 0 0 1717775669.729702 0 0.0 0.0 Benign
UE 66 1717775669.763253 v2.0 SECSM 0 56431 0 2089900007494 0 0 0 3 RRCSetupComplete 2 0 0 0 1717775669.729702 0 0.0 0.0 Benign
UE 67 1717775669.763253 v2.0 SECSM 0 56431 0 2089900007494 0 0 0 3 Registrationrequest 2 1 0 0 1717775669.729702 0 1717775669.763253 0.0 Benign
UE 68 1717775669.87915 v2.0 SECSM 0 56431 0 2089900007494 0 0 0 3 Authenticationrequest 2 1 0 0 1717775669.729702 0 1717775669.763253 0.0 Benign
UE 69 1717775669.9092567 v2.0 SECSM 0 56431 0 2089900007494 0 0 0 3 Authenticationresponse 2 1 0 0 1717775669.729702 0 1717775669.763253 0.0 Benign
UE 70 1717775669.9127188 v2.0 SECSM 0 56431 0 2089900007494 0 0 0 3 Securitymodecommand 2 1 0 0 1717775669.729702 0 1717775669.763253 0.0 Benign
UE 71 1717775669.9332025 v2.0 SECSM 0 56431 0 2089900007494 0 0 0 3 Securitymodecomplete 2 1 1 0 1717775669.729702 0 1717775669.763253 0.0 Benign
UE 72 1717775669.9373484 v2.0 SECSM 0 56431 0 2089900007494 0 2 2 3 SecurityModeCommand 2 1 1 0 1717775669.729702 0 1717775669.763253 0.0 Benign
UE 73 1717775670.1427214 v2.0 SECSM 0 56431 0 2089900007494 0 2 2 3 SecurityModeComplete 2 1 1 0 1717775669.729702 0 1717775669.763253 0.0 Benign
UE 74 1717775697.8295288 v2.0 SECSM 0 18054 0 0 0 0 0 3 RRCSetupRequest 0 0 0 0 0.0 0 0.0 0.0 Benign
UE 75 1717775697.8298025 v2.0 SECSM 0 18054 0 0 0 0 0 3 RRCSetup 2 0 0 0 1717775697.8298025 0 0.0 0.0 Benign
UE 76 1717775697.8633 v2.0 SECSM 0 18054 0 2089900007495 0 0 0 3 RRCSetupComplete 2 0 0 0 1717775697.8298025 0 0.0 0.0 Benign
UE 77 1717775697.8633 v2.0 SECSM 0 18054 0 2089900007495 0 0 0 3 Registrationrequest 2 1 0 0 1717775697.8298025 0 1717775697.8633 0.0 Benign
UE 78 1717775698.204155 v2.0 SECSM 0 18054 0 2089900007495 0 0 0 3 Authenticationrequest 2 1 0 0 1717775697.8298025 0 1717775697.8633 0.0 Benign
UE 79 1717775698.2194457 v2.0 SECSM 0 18054 0 2089900007495 0 0 0 3 Authenticationresponse 2 1 0 0 1717775697.8298025 0 1717775697.8633 0.0 Benign
UE 80 1717775698.2228796 v2.0 SECSM 0 18054 0 2089900007495 0 0 0 3 Securitymodecommand 2 1 0 0 1717775697.8298025 0 1717775697.8633 0.0 Benign
UE 81 1717775698.243333 v2.0 SECSM 0 18054 0 2089900007495 0 0 0 3 Securitymodecomplete 2 1 1 0 1717775697.8298025 0 1717775697.8633 0.0 Benign
UE 82 1717775698.247223 v2.0 SECSM 0 18054 0 2089900007495 0 2 2 3 SecurityModeCommand 2 1 1 0 1717775697.8298025 0 1717775697.8633 0.0 Benign
UE 83 1717775698.454718 v2.0 SECSM 0 18054 0 2089900007495 0 2 2 3 SecurityModeComplete 2 1 1 0 1717775697.8298025 0 1717775697.8633 0.0 Benign
UE 84 1717775728.7294474 v2.0 SECSM 0 48613 0 0 0 0 0 3 RRCSetupRequest 0 0 0 0 0.0 0 0.0 0.0 Benign
UE 85 1717775728.729714 v2.0 SECSM 0 48613 0 0 0 0 0 3 RRCSetup 2 0 0 0 1717775728.729714 0 0.0 0.0 Benign
UE 86 1717775728.7633984 v2.0 SECSM 0 48613 0 2089900007496 0 0 0 3 RRCSetupComplete 2 0 0 0 1717775728.729714 0 0.0 0.0 Benign
UE 87 1717775728.7633984 v2.0 SECSM 0 48613 0 2089900007496 0 0 0 3 Registrationrequest 2 1 0 0 1717775728.729714 0 1717775728.7633984 0.0 Benign
UE 88 1717775728.987422 v2.0 SECSM 0 48613 0 2089900007496 0 0 0 3 Authenticationrequest 2 1 0 0 1717775728.729714 0 1717775728.7633984 0.0 Benign
UE 89 1717775729.0083263 v2.0 SECSM 0 48613 0 2089900007496 0 0 0 3 Authenticationresponse 2 1 0 0 1717775728.729714 0 1717775728.7633984 0.0 Benign
UE 90 1717775729.011482 v2.0 SECSM 0 48613 0 2089900007496 0 0 0 3 Securitymodecommand 2 1 0 0 1717775728.729714 0 1717775728.7633984 0.0 Benign
UE 91 1717775729.0243716 v2.0 SECSM 0 48613 0 2089900007496 0 0 0 3 Securitymodecomplete 2 1 1 0 1717775728.729714 0 1717775728.7633984 0.0 Benign
UE 92 1717775729.028102 v2.0 SECSM 0 48613 0 2089900007496 0 2 2 3 SecurityModeCommand 2 1 1 0 1717775728.729714 0 1717775728.7633984 0.0 Benign
UE 93 1717775729.230718 v2.0 SECSM 0 48613 0 2089900007496 0 2 2 3 SecurityModeComplete 2 1 1 0 1717775728.729714 0 1717775728.7633984 0.0 Benign
UE 0 1715107659.4149976 v2.0 SECSM 0 45610 0 0 0 0 0 3 RRCSetupRequest 0 0 0 0 0.0 0 0.0 0.0 Benign
UE 1 1715107659.4154541 v2.0 SECSM 0 45610 0 0 0 0 0 3 RRCSetup 2 0 0 0 1715107659.4154541 0 0.0 0.0 Benign
UE 2 1715107659.4481432 v2.0 SECSM 0 45610 0 2089900007489 0 0 0 3 RRCSetupComplete 2 0 0 0 1715107659.4154541 0 0.0 0.0 Benign
UE 3 1715107659.4481432 v2.0 SECSM 0 45610 0 2089900007489 0 0 0 3 Registrationrequest 2 1 0 0 1715107659.4154541 0 1715107659.4481432 0.0 Benign
UE 4 1715107659.4566078 v2.0 SECSM 0 45610 0 2089900007489 0 0 0 3 Authenticationrequest 2 1 0 0 1715107659.4154541 0 1715107659.4481432 0.0 Benign
UE 5 1715107659.4781356 v2.0 SECSM 0 45610 0 2089900007489 0 0 0 3 Authenticationresponse 2 1 0 0 1715107659.4154541 0 1715107659.4481432 0.0 Benign
UE 6 1715107659.4813185 v2.0 SECSM 0 45610 0 2089900007489 0 0 0 3 Securitymodecommand 2 1 0 0 1715107659.4154541 0 1715107659.4481432 0.0 Benign
UE 7 1715107659.5031476 v2.0 SECSM 0 45610 0 2089900007489 0 0 0 3 Securitymodecomplete 2 1 1 0 1715107659.4154541 0 1715107659.4481432 0.0 Benign
UE 8 1715107659.5070667 v2.0 SECSM 0 45610 0 2089900007489 0 2 2 3 SecurityModeCommand 2 1 1 0 1715107659.4154541 0 1715107659.4481432 0.0 Benign
UE 9 1715107659.7101355 v2.0 SECSM 0 45610 0 2089900007489 0 2 2 3 SecurityModeComplete 2 1 1 0 1715107659.4154541 0 1715107659.4481432 0.0 Benign
UE 10 1715107684.4146843 v2.0 SECSM 0 39381 0 0 0 0 0 3 RRCSetupRequest 0 0 0 0 0.0 0 0.0 0.0 Benign
UE 11 1715107684.4151385 v2.0 SECSM 0 39381 0 0 0 0 0 3 RRCSetup 2 0 0 0 1715107684.4151385 0 0.0 0.0 Benign
UE 12 1715107684.4481635 v2.0 SECSM 0 39381 0 2089900007490 0 0 0 3 RRCSetupComplete 2 0 0 0 1715107684.4151385 0 0.0 0.0 Benign
UE 13 1715107684.4481635 v2.0 SECSM 0 39381 0 2089900007490 0 0 0 3 Registrationrequest 2 1 0 0 1715107684.4151385 0 1715107684.4481635 0.0 Benign
UE 14 1715107684.4556336 v2.0 SECSM 0 39381 0 2089900007490 0 0 0 3 Authenticationrequest 2 1 0 0 1715107684.4151385 0 1715107684.4481635 0.0 Benign
UE 15 1715107684.47813 v2.0 SECSM 0 39381 0 2089900007490 0 0 0 3 Authenticationresponse 2 1 0 0 1715107684.4151385 0 1715107684.4481635 0.0 Benign
UE 16 1715107684.4813647 v2.0 SECSM 0 39381 0 2089900007490 0 0 0 3 Securitymodecommand 2 1 0 0 1715107684.4151385 0 1715107684.4481635 0.0 Benign
UE 17 1715107684.5031362 v2.0 SECSM 0 39381 0 2089900007490 0 0 0 3 Securitymodecomplete 2 1 1 0 1715107684.4151385 0 1715107684.4481635 0.0 Benign
UE 18 1715107684.5068758 v2.0 SECSM 0 39381 0 2089900007490 0 2 2 3 SecurityModeCommand 2 1 1 0 1715107684.4151385 0 1715107684.4481635 0.0 Benign
UE 19 1715107684.710034 v2.0 SECSM 0 39381 0 2089900007490 0 2 2 3 SecurityModeComplete 2 1 1 0 1715107684.4151385 0 1715107684.4481635 0.0 Benign
UE 0 1711637754.9652224 v2.0 SECSM 0 20820 0 0 0 0 0 3 RRCSetupRequest 0 0 0 0 0.0 0 0.0 0.0 Benign
UE 1 1711637754.965607 v2.0 SECSM 0 20820 0 0 0 0 0 3 RRCSetup 2 0 0 0 1711637754.965607 0 0.0 0.0 Benign
UE 2 1711637755.7096207 v2.0 SECSM 0 20820 0 1010000000001 0 0 0 3 RRCSetupComplete 2 0 0 0 1711637754.965607 0 0.0 0.0 Benign
UE 3 1711637755.7096207 v2.0 SECSM 0 20820 0 1010000000001 0 0 0 3 Registrationrequest 2 1 0 0 1711637754.965607 0 1711637755.7096207 0.0 Benign
UE 4 1711637755.786302 v2.0 SECSM 0 20820 0 1010000000001 0 0 0 3 Authenticationrequest 2 1 0 0 1711637754.965607 0 1711637755.7096207 0.0 Benign
UE 5 1711637756.0496411 v2.0 SECSM 0 20820 0 1010000000001 0 0 0 3 Authenticationresponse 2 1 0 0 1711637754.965607 0 1711637755.7096207 0.0 Benign
UE 6 1711637756.0512764 v2.0 SECSM 0 20820 0 1010000000001 0 0 0 3 Securitymodecommand 2 1 0 0 1711637754.965607 0 1711637755.7096207 0.0 Benign
UE 7 1711637756.5156589 v2.0 SECSM 0 20820 0 1010000000001 0 0 0 3 Securitymodecomplete 2 1 1 0 1711637754.965607 0 1711637755.7096207 0.0 Benign
UE 8 1711637756.5192292 v2.0 SECSM 0 20820 0 1010000000001 0 2 2 3 SecurityModeCommand 2 1 1 0 1711637754.965607 0 1711637755.7096207 0.0 Benign
UE 9 1711637756.9956307 v2.0 SECSM 0 20820 0 1010000000001 0 2 2 3 SecurityModeComplete 2 1 1 0 1711637754.965607 0 1711637755.7096207 0.0 Benign
UE 10 1711637773.9525979 v2.0 SECSM 0 20612 558345748524 0 0 0 0 3 RRCSetupRequest 0 0 0 0 0.0 0 0.0 0.0 Benign
UE 11 1711637773.952987 v2.0 SECSM 0 20612 558345748524 0 0 0 0 3 RRCSetup 2 0 0 0 1711637773.952987 0 0.0 0.0 Benign
UE 12 1711637774.5769749 v2.0 SECSM 0 20612 558345748524 0 0 0 0 3 RRCSetupComplete 2 0 0 0 1711637773.952987 0 0.0 0.0 Benign
UE 13 1711637774.5769749 v2.0 SECSM 0 20612 558345748524 0 0 0 0 3 Registrationrequest 2 1 0 0 1711637773.952987 0 1711637774.5769749 0.0 Benign
UE 14 1711637792.0124989 v2.0 SECSM 0 38857 0 0 0 0 0 3 RRCSetupRequest 0 0 0 0 0.0 0 0.0 0.0 Benign
UE 15 1711637792.0128803 v2.0 SECSM 0 38857 0 0 0 0 0 3 RRCSetup 2 0 0 0 1711637792.0128803 0 0.0 0.0 Benign
UE 16 1711637792.7669015 v2.0 SECSM 0 38857 0 0 0 0 0 3 RRCSetupComplete 2 0 0 0 1711637792.0128803 0 0.0 0.0 Benign
UE 17 1711637792.7669015 v2.0 SECSM 0 38857 0 0 0 0 0 3 Registrationrequest 2 1 0 0 1711637792.0128803 0 1711637792.7669015 0.0 Benign
UE 18 1711637792.7693565 v2.0 SECSM 0 38857 0 0 0 0 0 3 Identityrequest 2 1 0 0 1711637792.0128803 0 1711637792.7669015 0.0 Benign
UE 19 1711637793.0031557 v2.0 SECSM 0 38857 0 1010000000001 0 0 0 3 Identityresponse 2 1 0 0 1711637792.0128803 0 1711637792.7669015 0.0 Benign
UE 20 1711637793.2006536 v2.0 SECSM 0 38857 0 1010000000001 0 0 0 3 Authenticationrequest 2 1 0 0 1711637792.0128803 0 1711637792.7669015 0.0 Benign
UE 21 1711637793.4719129 v2.0 SECSM 0 38857 0 1010000000001 0 0 0 3 Authenticationresponse 2 1 0 0 1711637792.0128803 0 1711637792.7669015 0.0 Benign
UE 22 1711637793.4734468 v2.0 SECSM 0 38857 0 1010000000001 0 0 0 3 Securitymodecommand 2 1 0 0 1711637792.0128803 0 1711637792.7669015 0.0 Benign
UE 23 1711637793.9369287 v2.0 SECSM 0 38857 0 1010000000001 0 0 0 3 Securitymodecomplete 2 1 1 0 1711637792.0128803 0 1711637792.7669015 0.0 Benign
UE 24 1711637793.9397686 v2.0 SECSM 0 38857 0 1010000000001 0 2 2 3 SecurityModeCommand 2 1 1 0 1711637792.0128803 0 1711637792.7669015 0.0 Benign
UE 25 1711637794.1729133 v2.0 SECSM 0 38857 0 1010000000001 0 2 2 3 SecurityModeComplete 2 1 1 0 1711637792.0128803 0 1711637792.7669015 0.0 Benign
UE 26 1711637797.3325756 v2.0 SECSM 0 29920 0 0 0 0 0 3 RRCSetupRequest 0 0 0 0 0.0 0 0.0 0.0 Benign
UE 27 1711637797.3329563 v2.0 SECSM 0 29920 0 0 0 0 0 3 RRCSetup 2 0 0 0 1711637797.3329563 0 0.0 0.0 Benign
UE 28 1711637797.9968672 v2.0 SECSM 0 29920 0 0 0 0 0 3 RRCSetupComplete 2 0 0 0 1711637797.3329563 0 0.0 0.0 Benign
UE 29 1711637797.9968672 v2.0 SECSM 0 29920 0 0 0 0 0 3 Registrationrequest 2 1 0 0 1711637797.3329563 0 1711637797.9968672 0.0 Benign
UE 30 1711637797.9989011 v2.0 SECSM 0 29920 0 0 0 0 0 3 Identityrequest 2 1 0 0 1711637797.3329563 0 1711637797.9968672 0.0 Benign
UE 31 1711637798.232934 v2.0 SECSM 0 29920 0 1010000000001 0 0 0 3 Identityresponse 2 1 0 0 1711637797.3329563 0 1711637797.9968672 0.0 Benign
UE 32 1711637798.3131304 v2.0 SECSM 0 29920 0 1010000000001 0 0 0 3 Authenticationrequest 2 1 0 0 1711637797.3329563 0 1711637797.9968672 0.0 Benign
UE 33 1711637798.456895 v2.0 SECSM 0 29920 0 1010000000001 0 0 0 3 Authenticationresponse 2 1 0 0 1711637797.3329563 0 1711637797.9968672 0.0 Benign
UE 34 1711637798.4588065 v2.0 SECSM 0 29920 0 1010000000001 0 0 0 3 Securitymodecommand 2 1 0 0 1711637797.3329563 0 1711637797.9968672 0.0 Benign
UE 35 1711637798.9230509 v2.0 SECSM 0 29920 0 1010000000001 0 0 0 3 Securitymodecomplete 2 1 1 0 1711637797.3329563 0 1711637797.9968672 0.0 Benign
UE 36 1711637798.9260752 v2.0 SECSM 0 29920 0 1010000000001 0 2 2 3 SecurityModeCommand 2 1 1 0 1711637797.3329563 0 1711637797.9968672 0.0 Benign
UE 37 1711637799.4068954 v2.0 SECSM 0 29920 0 1010000000001 0 2 2 3 SecurityModeComplete 2 1 1 0 1711637797.3329563 0 1711637797.9968672 0.0 Benign
UE 38 1711637807.722114 v2.0 SECSM 0 43591 558345748528 0 0 0 0 3 RRCSetupRequest 0 0 0 0 0.0 0 0.0 0.0 Benign
UE 39 1711637807.7224925 v2.0 SECSM 0 43591 558345748528 0 0 0 0 3 RRCSetup 2 0 0 0 1711637807.7224925 0 0.0 0.0 Benign
UE 40 1711637808.3768675 v2.0 SECSM 0 43591 558345748528 0 0 0 0 3 RRCSetupComplete 2 0 0 0 1711637807.7224925 0 0.0 0.0 Benign
UE 41 1711637808.3768675 v2.0 SECSM 0 43591 558345748528 0 0 0 0 3 Registrationrequest 2 1 0 0 1711637807.7224925 0 1711637808.3768675 0.0 Benign
UE 42 1711637829.1620424 v2.0 SECSM 0 49332 0 0 0 0 0 3 RRCSetupRequest 0 0 0 0 0.0 0 0.0 0.0 Benign
UE 43 1711637829.1624007 v2.0 SECSM 0 49332 0 0 0 0 0 3 RRCSetup 2 0 0 0 1711637829.1624007 0 0.0 0.0 Benign
UE 44 1711637829.937808 v2.0 SECSM 0 49332 0 0 0 0 0 3 RRCSetupComplete 2 0 0 0 1711637829.1624007 0 0.0 0.0 Benign
UE 45 1711637829.937808 v2.0 SECSM 0 49332 0 0 0 0 0 3 DeregistrationrequestUEoriginating 2 0 0 0 1711637829.1624007 0 0.0 0.0 Benign
UE 46 1711637830.6920176 v2.0 SECSM 0 10366 0 0 0 0 0 3 RRCSetupRequest 0 0 0 0 0.0 0 0.0 0.0 Benign
UE 47 1711637830.6923866 v2.0 SECSM 0 10366 0 0 0 0 0 3 RRCSetup 2 0 0 0 1711637830.6923866 0 0.0 0.0 Benign
UE 48 1711637831.5477793 v2.0 SECSM 0 10366 0 0 0 0 0 3 RRCSetupComplete 2 0 0 0 1711637830.6923866 0 0.0 0.0 Benign
UE 49 1711637831.5477793 v2.0 SECSM 0 10366 0 0 0 0 0 3 Registrationrequest 2 1 0 0 1711637830.6923866 0 1711637831.5477793 0.0 Benign
UE 50 1711637831.5498033 v2.0 SECSM 0 10366 0 0 0 0 0 3 Identityrequest 2 1 0 0 1711637830.6923866 0 1711637831.5477793 0.0 Benign
UE 51 1711637831.7829535 v2.0 SECSM 0 10366 0 1010000000001 0 0 0 3 Identityresponse 2 1 0 0 1711637830.6923866 0 1711637831.5477793 0.0 Benign
UE 52 1711637831.8734188 v2.0 SECSM 0 10366 0 1010000000001 0 0 0 3 Authenticationrequest 2 1 0 0 1711637830.6923866 0 1711637831.5477793 0.0 Benign
UE 53 1711637832.006776 v2.0 SECSM 0 10366 0 1010000000001 0 0 0 3 Authenticationresponse 2 1 0 0 1711637830.6923866 0 1711637831.5477793 0.0 Benign
UE 54 1711637832.008678 v2.0 SECSM 0 10366 0 1010000000001 0 0 0 3 Securitymodecommand 2 1 0 0 1711637830.6923866 0 1711637831.5477793 0.0 Benign
UE 55 1711637832.4727964 v2.0 SECSM 0 10366 0 1010000000001 0 0 0 3 Securitymodecomplete 2 1 1 0 1711637830.6923866 0 1711637831.5477793 0.0 Benign
UE 56 1711637832.4757817 v2.0 SECSM 0 10366 0 1010000000001 0 2 2 3 SecurityModeCommand 2 1 1 0 1711637830.6923866 0 1711637831.5477793 0.0 Benign
UE 57 1711637832.706794 v2.0 SECSM 0 10366 0 1010000000001 0 2 2 3 SecurityModeComplete 2 1 1 0 1711637830.6923866 0 1711637831.5477793 0.0 Benign
UE 58 1711637836.062031 v2.0 SECSM 0 28593 0 0 0 0 0 3 RRCSetupRequest 0 0 0 0 0.0 0 0.0 0.0 Benign
UE 59 1711637836.0623848 v2.0 SECSM 0 28593 0 0 0 0 0 3 RRCSetup 2 0 0 0 1711637836.0623848 0 0.0 0.0 Benign
UE 60 1711637836.817763 v2.0 SECSM 0 28593 0 0 0 0 0 3 RRCSetupComplete 2 0 0 0 1711637836.0623848 0 0.0 0.0 Benign
UE 61 1711637836.817763 v2.0 SECSM 0 28593 0 0 0 0 0 3 Registrationrequest 2 1 0 0 1711637836.0623848 0 1711637836.817763 0.0 Benign
UE 62 1711637836.81988 v2.0 SECSM 0 28593 0 0 0 0 0 3 Identityrequest 2 1 0 0 1711637836.0623848 0 1711637836.817763 0.0 Benign
UE 63 1711637837.061823 v2.0 SECSM 0 28593 0 1010000000001 0 0 0 3 Identityresponse 2 1 0 0 1711637836.0623848 0 1711637836.817763 0.0 Benign
UE 64 1711637837.1716647 v2.0 SECSM 0 28593 0 1010000000001 0 0 0 3 Authenticationrequest 2 1 0 0 1711637836.0623848 0 1711637836.817763 0.0 Benign
UE 65 1711637837.3018088 v2.0 SECSM 0 28593 0 1010000000001 0 0 0 3 Authenticationresponse 2 1 0 0 1711637836.0623848 0 1711637836.817763 0.0 Benign
UE 66 1711637837.3036168 v2.0 SECSM 0 28593 0 1010000000001 0 0 0 3 Securitymodecommand 2 1 0 0 1711637836.0623848 0 1711637836.817763 0.0 Benign
UE 67 1711637837.848588 v2.0 SECSM 0 28593 0 1010000000001 0 0 0 3 Securitymodecomplete 2 1 1 0 1711637836.0623848 0 1711637836.817763 0.0 Benign
UE 68 1711637837.8516731 v2.0 SECSM 0 28593 0 1010000000001 0 2 2 3 SecurityModeCommand 2 1 1 0 1711637836.0623848 0 1711637836.817763 0.0 Benign
UE 69 1711637838.146786 v2.0 SECSM 0 28593 0 1010000000001 0 2 2 3 SecurityModeComplete 2 1 1 0 1711637836.0623848 0 1711637836.817763 0.0 Benign
UE 70 1711637845.572028 v2.0 SECSM 0 58826 558345748532 0 0 0 0 3 RRCSetupRequest 0 0 0 0 0.0 0 0.0 0.0 Benign
UE 71 1711637845.57242 v2.0 SECSM 0 58826 558345748532 0 0 0 0 3 RRCSetup 2 0 0 0 1711637845.57242 0 0.0 0.0 Benign
UE 72 1711637846.327777 v2.0 SECSM 0 58826 558345748532 0 0 0 0 3 RRCSetupComplete 2 0 0 0 1711637845.57242 0 0.0 0.0 Benign
UE 73 1711637846.327777 v2.0 SECSM 0 58826 558345748532 0 0 0 0 3 Registrationrequest 2 1 0 0 1711637845.57242 0 1711637846.327777 0.0 Benign
UE 74 1711637860.6219733 v2.0 SECSM 0 42108 558345748532 0 0 0 0 5 RRCSetupRequest 0 0 0 0 0.0 0 0.0 0.0 Benign
UE 0 1715198633.5163434 v2.0 SECSM 0 58803 246912 0 0 0 0 3 RRCSetupRequest 0 0 0 0 0.0 0 0.0 0.0 Benign
UE 1 1715198633.5167892 v2.0 SECSM 0 58803 246912 0 0 0 0 3 RRCSetup 2 0 0 0 1715198633.5167892 0 0.0 0.0 Benign
UE 2 1715198633.5493686 v2.0 SECSM 0 58803 246912 2089900007487 0 0 0 3 RRCSetupComplete 2 0 0 0 1715198633.5167892 0 0.0 0.0 Benign
UE 3 1715198633.5493686 v2.0 SECSM 0 58803 246912 2089900007487 0 0 0 3 Registrationrequest 2 1 0 0 1715198633.5167892 0 1715198633.5493686 0.0 Benign
UE 4 1715198633.5571475 v2.0 SECSM 0 58803 246912 2089900007487 0 0 0 3 Authenticationrequest 2 1 0 0 1715198633.5167892 0 1715198633.5493686 0.0 Benign
UE 5 1715198633.5794127 v2.0 SECSM 0 58803 246912 2089900007487 0 0 0 3 Authenticationresponse 2 1 0 0 1715198633.5167892 0 1715198633.5493686 0.0 Benign
UE 6 1715198633.5824125 v2.0 SECSM 0 58803 246912 2089900007487 0 0 0 3 Securitymodecommand 2 1 0 0 1715198633.5167892 0 1715198633.5493686 0.0 Benign
UE 7 1715198633.604398 v2.0 SECSM 0 58803 246912 2089900007487 0 0 0 3 Securitymodecomplete 2 1 1 0 1715198633.5167892 0 1715198633.5493686 0.0 Benign
UE 8 1715198633.607988 v2.0 SECSM 0 58803 246912 2089900007487 0 2 2 3 SecurityModeCommand 2 1 1 0 1715198633.5167892 0 1715198633.5493686 0.0 Benign
UE 9 1715198633.81197 v2.0 SECSM 0 58803 246912 2089900007487 0 2 2 3 SecurityModeComplete 2 1 1 0 1715198633.5167892 0 1715198633.5493686 0.0 Benign
UE 10 1715198666.296074 v2.0 SECSM 0 35398 1777776 0 0 0 0 3 RRCSetupRequest 0 0 0 0 0.0 0 0.0 0.0 Benign
UE 11 1715198666.2964876 v2.0 SECSM 0 35398 1777776 0 0 0 0 3 RRCSetup 2 0 0 0 1715198666.2964876 0 0.0 0.0 Benign
UE 12 1715198666.3294995 v2.0 SECSM 0 35398 1777776 2089900000000 0 0 0 3 RRCSetupComplete 2 0 0 0 1715198666.2964876 0 0.0 0.0 Benign
UE 13 1715198666.3294995 v2.0 SECSM 0 35398 1777776 2089900000000 0 0 0 3 Registrationrequest 2 1 0 0 1715198666.2964876 0 1715198666.3294995 0.0 Benign
UE 14 1715198666.3358672 v2.0 SECSM 0 35398 1777776 2089900000000 0 0 0 3 Authenticationrequest 2 1 0 0 1715198666.2964876 0 1715198666.3294995 0.0 Benign
UE 15 1715198666.359492 v2.0 SECSM 0 35398 1777776 2089900000000 0 0 0 3 Authenticationresponse 2 1 0 0 1715198666.2964876 0 1715198666.3294995 0.0 Benign
UE 16 1715198666.3623905 v2.0 SECSM 0 35398 1777776 2089900000000 0 0 0 3 Registrationreject 2 0 0 3 1715198666.2964876 0 1715198666.3294995 1715198666.3623905 Benign
UE 17 1715198691.2246432 v2.0 SECSM 0 35398 1777776 2089900000000 0 0 0 3 ULInformationTransfer 2 0 0 0 1715198666.2964876 0 1715198666.3294995 1715198666.3623905 Benign
UE 0 1717772863.0427265 v2.0 SECSM 0 4070 0 0 0 0 0 3 RRCSetupRequest 0 0 0 0 0.0 0 0.0 0.0 Benign
UE 1 1717772863.0430405 v2.0 SECSM 0 4070 0 0 0 0 0 3 RRCSetup 2 0 0 0 1717772863.0430405 0 0.0 0.0 Benign
UE 2 1717772863.0764875 v2.0 SECSM 0 4070 0 2089900007496 0 0 0 3 RRCSetupComplete 2 0 0 0 1717772863.0430405 0 0.0 0.0 Benign
UE 3 1717772863.0764875 v2.0 SECSM 0 4070 0 2089900007496 0 0 0 3 Registrationrequest 2 1 0 0 1717772863.0430405 0 1717772863.0764875 0.0 Benign
UE 4 1717772863.1450667 v2.0 SECSM 0 4070 0 2089900007496 0 0 0 3 Authenticationrequest 2 1 0 0 1717772863.0430405 0 1717772863.0764875 0.0 Benign
UE 5 1717772863.172712 v2.0 SECSM 0 4070 0 2089900007496 0 0 0 3 Authenticationresponse 2 1 0 0 1717772863.0430405 0 1717772863.0764875 0.0 Benign
UE 6 1717772863.1760657 v2.0 SECSM 0 4070 0 2089900007496 0 0 0 3 Securitymodecommand 2 1 0 0 1717772863.0430405 0 1717772863.0764875 0.0 Benign
UE 7 1717772863.1964293 v2.0 SECSM 0 4070 0 2089900007496 0 0 0 3 Securitymodecomplete 2 1 1 0 1717772863.0430405 0 1717772863.0764875 0.0 Benign
UE 8 1717772863.2006967 v2.0 SECSM 0 4070 0 2089900007496 0 2 2 3 SecurityModeCommand 2 1 1 0 1717772863.0430405 0 1717772863.0764875 0.0 Benign
UE 9 1717772863.406805 v2.0 SECSM 0 4070 0 2089900007496 0 2 2 3 SecurityModeComplete 2 1 1 0 1717772863.0430405 0 1717772863.0764875 0.0 Benign
UE 10 1717772877.8225267 v2.0 SECSM 0 7862 0 0 0 0 0 3 RRCSetupRequest 0 0 0 0 0.0 0 0.0 0.0 Benign
UE 11 1717772877.8227797 v2.0 SECSM 0 7862 0 0 0 0 0 3 RRCSetup 2 0 0 0 1717772877.8227797 0 0.0 0.0 Benign
UE 12 1717772877.856506 v2.0 SECSM 0 7862 0 2089900007495 0 0 0 3 RRCSetupComplete 2 0 0 0 1717772877.8227797 0 0.0 0.0 Benign
UE 13 1717772877.856506 v2.0 SECSM 0 7862 0 2089900007495 0 0 0 3 Registrationrequest 2 1 0 0 1717772877.8227797 0 1717772877.856506 0.0 Benign
UE 14 1717772877.9451947 v2.0 SECSM 0 7862 0 2089900007495 0 0 0 3 Authenticationrequest 2 1 0 0 1717772877.8227797 0 1717772877.856506 0.0 Benign
UE 15 1717772877.9570093 v2.0 SECSM 0 7862 0 2089900007495 0 0 0 3 Authenticationresponse 2 1 0 0 1717772877.8227797 0 1717772877.856506 0.0 Benign
UE 16 1717772877.9603765 v2.0 SECSM 0 7862 0 2089900007495 0 0 0 3 Securitymodecommand 2 1 0 0 1717772877.8227797 0 1717772877.856506 0.0 Benign
UE 17 1717772877.9814825 v2.0 SECSM 0 7862 0 2089900007495 0 0 0 3 Securitymodecomplete 2 1 1 0 1717772877.8227797 0 1717772877.856506 0.0 Benign
UE 18 1717772877.985738 v2.0 SECSM 0 7862 0 2089900007495 0 2 2 3 SecurityModeCommand 2 1 1 0 1717772877.8227797 0 1717772877.856506 0.0 Benign
UE 19 1717772878.1908 v2.0 SECSM 0 7862 0 2089900007495 0 2 2 3 SecurityModeComplete 2 1 1 0 1717772877.8227797 0 1717772877.856506 0.0 Benign
UE 20 1717772907.0426075 v2.0 SECSM 0 64620 0 0 0 0 0 3 RRCSetupRequest 0 0 0 0 0.0 0 0.0 0.0 Benign
UE 21 1717772907.0428617 v2.0 SECSM 0 64620 0 0 0 0 0 3 RRCSetup 2 0 0 0 1717772907.0428617 0 0.0 0.0 Benign
UE 22 1717772907.0765836 v2.0 SECSM 0 64620 0 2089900007494 0 0 0 3 RRCSetupComplete 2 0 0 0 1717772907.0428617 0 0.0 0.0 Benign
UE 23 1717772907.0765836 v2.0 SECSM 0 64620 0 2089900007494 0 0 0 3 Registrationrequest 2 1 0 0 1717772907.0428617 0 1717772907.0765836 0.0 Benign
UE 24 1717772907.15348 v2.0 SECSM 0 64620 0 2089900007494 0 0 0 3 Authenticationrequest 2 1 0 0 1717772907.0428617 0 1717772907.0765836 0.0 Benign
UE 25 1717772907.1765635 v2.0 SECSM 0 64620 0 2089900007494 0 0 0 3 Authenticationresponse 2 1 0 0 1717772907.0428617 0 1717772907.0765836 0.0 Benign
UE 26 1717772907.1800392 v2.0 SECSM 0 64620 0 2089900007494 0 0 0 3 Securitymodecommand 2 1 0 0 1717772907.0428617 0 1717772907.0765836 0.0 Benign
UE 27 1717772907.2075653 v2.0 SECSM 0 64620 0 2089900007494 0 0 0 3 Securitymodecomplete 2 1 1 0 1717772907.0428617 0 1717772907.0765836 0.0 Benign
UE 28 1717772907.211835 v2.0 SECSM 0 64620 0 2089900007494 0 2 2 3 SecurityModeCommand 2 1 1 0 1717772907.0428617 0 1717772907.0765836 0.0 Benign
UE 29 1717772907.4148011 v2.0 SECSM 0 64620 0 2089900007494 0 2 2 3 SecurityModeComplete 2 1 1 0 1717772907.0428617 0 1717772907.0765836 0.0 Benign
UE 30 1717772920.8225784 v2.0 SECSM 0 47687 0 0 0 0 0 3 RRCSetupRequest 0 0 0 0 0.0 0 0.0 0.0 Benign
UE 31 1717772920.8228166 v2.0 SECSM 0 47687 0 0 0 0 0 3 RRCSetup 2 0 0 0 1717772920.8228166 0 0.0 0.0 Benign
UE 32 1717772920.8565965 v2.0 SECSM 0 47687 0 2089900007493 0 0 0 3 RRCSetupComplete 2 0 0 0 1717772920.8228166 0 0.0 0.0 Benign
UE 33 1717772920.8565965 v2.0 SECSM 0 47687 0 2089900007493 0 0 0 3 Registrationrequest 2 1 0 0 1717772920.8228166 0 1717772920.8565965 0.0 Benign
UE 34 1717772920.9618456 v2.0 SECSM 0 47687 0 2089900007493 0 0 0 3 Authenticationrequest 2 1 0 0 1717772920.8228166 0 1717772920.8565965 0.0 Benign
UE 35 1717772920.9865754 v2.0 SECSM 0 47687 0 2089900007493 0 0 0 3 Authenticationresponse 2 1 0 0 1717772920.8228166 0 1717772920.8565965 0.0 Benign
UE 36 1717772920.990024 v2.0 SECSM 0 47687 0 2089900007493 0 0 0 3 Securitymodecommand 2 1 0 0 1717772920.8228166 0 1717772920.8565965 0.0 Benign
UE 37 1717772921.0115998 v2.0 SECSM 0 47687 0 2089900007493 0 0 0 3 Securitymodecomplete 2 1 1 0 1717772920.8228166 0 1717772920.8565965 0.0 Benign
UE 38 1717772921.0155742 v2.0 SECSM 0 47687 0 2089900007493 0 2 2 3 SecurityModeCommand 2 1 1 0 1717772920.8228166 0 1717772920.8565965 0.0 Benign
UE 39 1717772921.2227945 v2.0 SECSM 0 47687 0 2089900007493 0 2 2 3 SecurityModeComplete 2 1 1 0 1717772920.8228166 0 1717772920.8565965 0.0 Benign
UE 40 1717772956.1426997 v2.0 SECSM 0 37255 0 0 0 0 0 3 RRCSetupRequest 0 0 0 0 0.0 0 0.0 0.0 Benign
UE 41 1717772956.14295 v2.0 SECSM 0 37255 0 0 0 0 0 3 RRCSetup 2 0 0 0 1717772956.14295 0 0.0 0.0 Benign
UE 42 1717772956.1827097 v2.0 SECSM 0 37255 0 2089900007492 0 0 0 3 RRCSetupComplete 2 0 0 0 1717772956.14295 0 0.0 0.0 Benign
UE 43 1717772956.1827097 v2.0 SECSM 0 37255 0 2089900007492 0 0 0 3 Registrationrequest 2 1 0 0 1717772956.14295 0 1717772956.1827097 0.0 Benign
UE 44 1717772956.2617128 v2.0 SECSM 0 37255 0 2089900007492 0 0 0 3 Authenticationrequest 2 1 0 0 1717772956.14295 0 1717772956.1827097 0.0 Benign
UE 45 1717772956.2917328 v2.0 SECSM 0 37255 0 2089900007492 0 0 0 3 Authenticationresponse 2 1 0 0 1717772956.14295 0 1717772956.1827097 0.0 Benign
UE 46 1717772956.2950685 v2.0 SECSM 0 37255 0 2089900007492 0 0 0 3 Securitymodecommand 2 1 0 0 1717772956.14295 0 1717772956.1827097 0.0 Benign
UE 47 1717772956.3226798 v2.0 SECSM 0 37255 0 2089900007492 0 0 0 3 Securitymodecomplete 2 1 1 0 1717772956.14295 0 1717772956.1827097 0.0 Benign
UE 48 1717772956.3267717 v2.0 SECSM 0 37255 0 2089900007492 0 2 2 3 SecurityModeCommand 2 1 1 0 1717772956.14295 0 1717772956.1827097 0.0 Benign
UE 49 1717772956.5347948 v2.0 SECSM 0 37255 0 2089900007492 0 2 2 3 SecurityModeComplete 2 1 1 0 1717772956.14295 0 1717772956.1827097 0.0 Benign
UE 50 1717772968.8226972 v2.0 SECSM 0 40097 0 0 0 0 0 3 RRCSetupRequest 0 0 0 0 0.0 0 0.0 0.0 Benign
UE 51 1717772968.8229268 v2.0 SECSM 0 40097 0 0 0 0 0 3 RRCSetup 2 0 0 0 1717772968.8229268 0 0.0 0.0 Benign
UE 52 1717772968.8566966 v2.0 SECSM 0 40097 0 2089900007491 0 0 0 3 RRCSetupComplete 2 0 0 0 1717772968.8229268 0 0.0 0.0 Benign
UE 53 1717772968.8566966 v2.0 SECSM 0 40097 0 2089900007491 0 0 0 3 Registrationrequest 2 1 0 0 1717772968.8229268 0 1717772968.8566966 0.0 Benign
UE 54 1717772969.120098 v2.0 SECSM 0 40097 0 2089900007491 0 0 0 3 Authenticationrequest 2 1 0 0 1717772968.8229268 0 1717772968.8566966 0.0 Benign
UE 55 1717772969.1328447 v2.0 SECSM 0 40097 0 2089900007491 0 0 0 3 Authenticationresponse 2 1 0 0 1717772968.8229268 0 1717772968.8566966 0.0 Benign
UE 56 1717772969.1361463 v2.0 SECSM 0 40097 0 2089900007491 0 0 0 3 Securitymodecommand 2 1 0 0 1717772968.8229268 0 1717772968.8566966 0.0 Benign
UE 57 1717772969.156685 v2.0 SECSM 0 40097 0 2089900007491 0 0 0 3 Securitymodecomplete 2 1 1 0 1717772968.8229268 0 1717772968.8566966 0.0 Benign
UE 58 1717772969.1608171 v2.0 SECSM 0 40097 0 2089900007491 0 2 2 3 SecurityModeCommand 2 1 1 0 1717772968.8229268 0 1717772968.8566966 0.0 Benign
UE 59 1717772969.366794 v2.0 SECSM 0 40097 0 2089900007491 0 2 2 3 SecurityModeComplete 2 1 1 0 1717772968.8229268 0 1717772968.8566966 0.0 Benign
UE 60 1717773010.0428152 v2.0 SECSM 0 47933 0 0 0 0 0 3 RRCSetupRequest 0 0 0 0 0.0 0 0.0 0.0 Benign
UE 61 1717773010.0430746 v2.0 SECSM 0 47933 0 0 0 0 0 3 RRCSetup 2 0 0 0 1717773010.0430746 0 0.0 0.0 Benign
UE 62 1717773010.076783 v2.0 SECSM 0 47933 0 2089900007490 0 0 0 3 RRCSetupComplete 2 0 0 0 1717773010.0430746 0 0.0 0.0 Benign
UE 63 1717773010.076783 v2.0 SECSM 0 47933 0 2089900007490 0 0 0 3 Registrationrequest 2 1 0 0 1717773010.0430746 0 1717773010.076783 0.0 Benign
UE 64 1717773010.178394 v2.0 SECSM 0 47933 0 2089900007490 0 0 0 3 Authenticationrequest 2 1 0 0 1717773010.0430746 0 1717773010.076783 0.0 Benign
UE 65 1717773010.206802 v2.0 SECSM 0 47933 0 2089900007490 0 0 0 3 Authenticationresponse 2 1 0 0 1717773010.0430746 0 1717773010.076783 0.0 Benign
UE 66 1717773010.2101216 v2.0 SECSM 0 47933 0 2089900007490 0 0 0 3 Securitymodecommand 2 1 0 0 1717773010.0430746 0 1717773010.076783 0.0 Benign
UE 67 1717773010.222826 v2.0 SECSM 0 47933 0 2089900007490 0 0 0 3 Securitymodecomplete 2 1 1 0 1717773010.0430746 0 1717773010.076783 0.0 Benign
UE 68 1717773010.226786 v2.0 SECSM 0 47933 0 2089900007490 0 2 2 3 SecurityModeCommand 2 1 1 0 1717773010.0430746 0 1717773010.076783 0.0 Benign
UE 69 1717773010.430796 v2.0 SECSM 0 47933 0 2089900007490 0 2 2 3 SecurityModeComplete 2 1 1 0 1717773010.0430746 0 1717773010.076783 0.0 Benign
UE 70 1717773023.7227955 v2.0 SECSM 0 7298 0 0 0 0 0 3 RRCSetupRequest 0 0 0 0 0.0 0 0.0 0.0 Benign
UE 71 1717773023.723025 v2.0 SECSM 0 7298 0 0 0 0 0 3 RRCSetup 2 0 0 0 1717773023.723025 0 0.0 0.0 Benign
UE 72 1717773023.7568269 v2.0 SECSM 0 7298 0 2089900007489 0 0 0 3 RRCSetupComplete 2 0 0 0 1717773023.723025 0 0.0 0.0 Benign
UE 73 1717773023.7568269 v2.0 SECSM 0 7298 0 2089900007489 0 0 0 3 Registrationrequest 2 1 0 0 1717773023.723025 0 1717773023.7568269 0.0 Benign
UE 74 1717773023.853474 v2.0 SECSM 0 7298 0 2089900007489 0 0 0 3 Authenticationrequest 2 1 0 0 1717773023.723025 0 1717773023.7568269 0.0 Benign
UE 75 1717773023.8768356 v2.0 SECSM 0 7298 0 2089900007489 0 0 0 3 Authenticationresponse 2 1 0 0 1717773023.723025 0 1717773023.7568269 0.0 Benign
UE 76 1717773023.8802965 v2.0 SECSM 0 7298 0 2089900007489 0 0 0 3 Securitymodecommand 2 1 0 0 1717773023.723025 0 1717773023.7568269 0.0 Benign
UE 77 1717773023.901837 v2.0 SECSM 0 7298 0 2089900007489 0 0 0 3 Securitymodecomplete 2 1 1 0 1717773023.723025 0 1717773023.7568269 0.0 Benign
UE 78 1717773023.905862 v2.0 SECSM 0 7298 0 2089900007489 0 2 2 3 SecurityModeCommand 2 1 1 0 1717773023.723025 0 1717773023.7568269 0.0 Benign
UE 79 1717773024.1107922 v2.0 SECSM 0 7298 0 2089900007489 0 2 2 3 SecurityModeComplete 2 1 1 0 1717773023.723025 0 1717773023.7568269 0.0 Benign
UE 80 1717773053.142907 v2.0 SECSM 0 28772 0 0 0 0 0 3 RRCSetupRequest 0 0 0 0 0.0 0 0.0 0.0 Benign
UE 81 1717773053.1431746 v2.0 SECSM 0 28772 0 0 0 0 0 3 RRCSetup 2 0 0 0 1717773053.1431746 0 0.0 0.0 Benign
UE 82 1717773053.1769307 v2.0 SECSM 0 28772 0 2089900007488 0 0 0 3 RRCSetupComplete 2 0 0 0 1717773053.1431746 0 0.0 0.0 Benign
UE 83 1717773053.1769307 v2.0 SECSM 0 28772 0 2089900007488 0 0 0 3 Registrationrequest 2 1 0 0 1717773053.1431746 0 1717773053.1769307 0.0 Benign
UE 84 1717773053.278489 v2.0 SECSM 0 28772 0 2089900007488 0 0 0 3 Authenticationrequest 2 1 0 0 1717773053.1431746 0 1717773053.1769307 0.0 Benign
UE 85 1717773053.2874372 v2.0 SECSM 0 28772 0 2089900007488 0 0 0 3 Authenticationresponse 2 1 0 0 1717773053.1431746 0 1717773053.1769307 0.0 Benign
UE 86 1717773053.2905545 v2.0 SECSM 0 28772 0 2089900007488 0 0 0 3 Securitymodecommand 2 1 0 0 1717773053.1431746 0 1717773053.1769307 0.0 Benign
UE 87 1717773053.311907 v2.0 SECSM 0 28772 0 2089900007488 0 0 0 3 Securitymodecomplete 2 1 1 0 1717773053.1431746 0 1717773053.1769307 0.0 Benign
UE 88 1717773053.315688 v2.0 SECSM 0 28772 0 2089900007488 0 2 2 3 SecurityModeCommand 2 1 1 0 1717773053.1431746 0 1717773053.1769307 0.0 Benign
UE 89 1717773053.5187957 v2.0 SECSM 0 28772 0 2089900007488 0 2 2 3 SecurityModeComplete 2 1 1 0 1717773053.1431746 0 1717773053.1769307 0.0 Benign
UE 90 1717773076.7229924 v2.0 SECSM 0 35186 0 0 0 0 0 3 RRCSetupRequest 0 0 0 0 0.0 0 0.0 0.0 Benign
UE 91 1717773076.7232504 v2.0 SECSM 0 35186 0 0 0 0 0 3 RRCSetup 2 0 0 0 1717773076.7232504 0 0.0 0.0 Benign
UE 92 1717773076.7569523 v2.0 SECSM 0 35186 0 2089900007487 0 0 0 3 RRCSetupComplete 2 0 0 0 1717773076.7232504 0 0.0 0.0 Benign
UE 93 1717773076.7569523 v2.0 SECSM 0 35186 0 2089900007487 0 0 0 3 Registrationrequest 2 1 0 0 1717773076.7232504 0 1717773076.7569523 0.0 Benign
UE 94 1717773076.8368104 v2.0 SECSM 0 35186 0 2089900007487 0 0 0 3 Authenticationrequest 2 1 0 0 1717773076.7232504 0 1717773076.7569523 0.0 Benign
UE 95 1717773076.8531215 v2.0 SECSM 0 35186 0 2089900007487 0 0 0 3 Authenticationresponse 2 1 0 0 1717773076.7232504 0 1717773076.7569523 0.0 Benign
UE 96 1717773076.8562996 v2.0 SECSM 0 35186 0 2089900007487 0 0 0 3 Securitymodecommand 2 1 0 0 1717773076.7232504 0 1717773076.7569523 0.0 Benign
UE 97 1717773076.876962 v2.0 SECSM 0 35186 0 2089900007487 0 0 0 3 Securitymodecomplete 2 1 1 0 1717773076.7232504 0 1717773076.7569523 0.0 Benign
UE 98 1717773076.880696 v2.0 SECSM 0 35186 0 2089900007487 0 2 2 3 SecurityModeCommand 2 1 1 0 1717773076.7232504 0 1717773076.7569523 0.0 Benign
UE 99 1717773077.0867963 v2.0 SECSM 0 35186 0 2089900007487 0 2 2 3 SecurityModeComplete 2 1 1 0 1717773076.7232504 0 1717773076.7569523 0.0 Benign
UE 0 1717773197.0435233 v2.0 SECSM 0 6370 0 0 0 0 0 3 RRCSetupRequest 0 0 0 0 0.0 0 0.0 0.0 Benign
UE 1 1717773197.0438244 v2.0 SECSM 0 6370 0 0 0 0 0 3 RRCSetup 2 0 0 0 1717773197.0438244 0 0.0 0.0 Benign
UE 2 1717773197.0772812 v2.0 SECSM 0 6370 0 2089900007487 0 0 0 3 RRCSetupComplete 2 0 0 0 1717773197.0438244 0 0.0 0.0 Benign
UE 3 1717773197.0772812 v2.0 SECSM 0 6370 0 2089900007487 0 0 0 3 Registrationrequest 2 1 0 0 1717773197.0438244 0 1717773197.0772812 0.0 Benign
UE 4 1717773197.1785173 v2.0 SECSM 0 6370 0 2089900007487 0 0 0 3 Authenticationrequest 2 1 0 0 1717773197.0438244 0 1717773197.0772812 0.0 Benign
UE 5 1717773197.202256 v2.0 SECSM 0 6370 0 2089900007487 0 0 0 3 Authenticationresponse 2 1 0 0 1717773197.0438244 0 1717773197.0772812 0.0 Benign
UE 6 1717773197.205408 v2.0 SECSM 0 6370 0 2089900007487 0 0 0 3 Securitymodecommand 2 1 0 0 1717773197.0438244 0 1717773197.0772812 0.0 Benign
UE 7 1717773197.2272162 v2.0 SECSM 0 6370 0 2089900007487 0 0 0 3 Securitymodecomplete 2 1 1 0 1717773197.0438244 0 1717773197.0772812 0.0 Benign
UE 8 1717773197.2310874 v2.0 SECSM 0 6370 0 2089900007487 0 2 2 3 SecurityModeCommand 2 1 1 0 1717773197.0438244 0 1717773197.0772812 0.0 Benign
UE 9 1717773197.4388905 v2.0 SECSM 0 6370 0 2089900007487 0 2 2 3 SecurityModeComplete 2 1 1 0 1717773197.0438244 0 1717773197.0772812 0.0 Benign
UE 10 1717773211.7232623 v2.0 SECSM 0 49554 0 0 0 0 0 3 RRCSetupRequest 0 0 0 0 0.0 0 0.0 0.0 Benign
UE 11 1717773211.7235272 v2.0 SECSM 0 49554 0 0 0 0 0 3 RRCSetup 2 0 0 0 1717773211.7235272 0 0.0 0.0 Benign
UE 12 1717773211.7572875 v2.0 SECSM 0 49554 0 2089900007488 0 0 0 3 RRCSetupComplete 2 0 0 0 1717773211.7235272 0 0.0 0.0 Benign
UE 13 1717773211.7572875 v2.0 SECSM 0 49554 0 2089900007488 0 0 0 3 Registrationrequest 2 1 0 0 1717773211.7235272 0 1717773211.7572875 0.0 Benign
UE 14 1717773211.828529 v2.0 SECSM 0 49554 0 2089900007488 0 0 0 3 Authenticationrequest 2 1 0 0 1717773211.7235272 0 1717773211.7572875 0.0 Benign
UE 15 1717773211.85224 v2.0 SECSM 0 49554 0 2089900007488 0 0 0 3 Authenticationresponse 2 1 0 0 1717773211.7235272 0 1717773211.7572875 0.0 Benign
UE 16 1717773211.8554077 v2.0 SECSM 0 49554 0 2089900007488 0 0 0 3 Securitymodecommand 2 1 0 0 1717773211.7235272 0 1717773211.7572875 0.0 Benign
UE 17 1717773211.86831 v2.0 SECSM 0 49554 0 2089900007488 0 0 0 3 Securitymodecomplete 2 1 1 0 1717773211.7235272 0 1717773211.7572875 0.0 Benign
UE 18 1717773211.8721468 v2.0 SECSM 0 49554 0 2089900007488 0 2 2 3 SecurityModeCommand 2 1 1 0 1717773211.7235272 0 1717773211.7572875 0.0 Benign
UE 19 1717773212.0788872 v2.0 SECSM 0 49554 0 2089900007488 0 2 2 3 SecurityModeComplete 2 1 1 0 1717773211.7235272 0 1717773211.7572875 0.0 Benign
UE 20 1717773253.1434016 v2.0 SECSM 0 21378 0 0 0 0 0 3 RRCSetupRequest 0 0 0 0 0.0 0 0.0 0.0 Benign
UE 21 1717773253.1437044 v2.0 SECSM 0 21378 0 0 0 0 0 3 RRCSetup 2 0 0 0 1717773253.1437044 0 0.0 0.0 Benign
UE 22 1717773253.1773689 v2.0 SECSM 0 21378 0 2089900007489 0 0 0 3 RRCSetupComplete 2 0 0 0 1717773253.1437044 0 0.0 0.0 Benign
UE 23 1717773253.1773689 v2.0 SECSM 0 21378 0 2089900007489 0 0 0 3 Registrationrequest 2 1 0 0 1717773253.1437044 0 1717773253.1773689 0.0 Benign
UE 24 1717773253.2534297 v2.0 SECSM 0 21378 0 2089900007489 0 0 0 3 Authenticationrequest 2 1 0 0 1717773253.1437044 0 1717773253.1773689 0.0 Benign
UE 25 1717773253.2773752 v2.0 SECSM 0 21378 0 2089900007489 0 0 0 3 Authenticationresponse 2 1 0 0 1717773253.1437044 0 1717773253.1773689 0.0 Benign
UE 26 1717773253.2807112 v2.0 SECSM 0 21378 0 2089900007489 0 0 0 3 Securitymodecommand 2 1 0 0 1717773253.1437044 0 1717773253.1773689 0.0 Benign
UE 27 1717773253.3023508 v2.0 SECSM 0 21378 0 2089900007489 0 0 0 3 Securitymodecomplete 2 1 1 0 1717773253.1437044 0 1717773253.1773689 0.0 Benign
UE 28 1717773253.306372 v2.0 SECSM 0 21378 0 2089900007489 0 2 2 3 SecurityModeCommand 2 1 1 0 1717773253.1437044 0 1717773253.1773689 0.0 Benign
UE 29 1717773253.5108898 v2.0 SECSM 0 21378 0 2089900007489 0 2 2 3 SecurityModeComplete 2 1 1 0 1717773253.1437044 0 1717773253.1773689 0.0 Benign
UE 30 1717773267.7233999 v2.0 SECSM 0 28832 0 0 0 0 0 3 RRCSetupRequest 0 0 0 0 0.0 0 0.0 0.0 Benign
UE 31 1717773267.723642 v2.0 SECSM 0 28832 0 0 0 0 0 3 RRCSetup 2 0 0 0 1717773267.723642 0 0.0 0.0 Benign
UE 32 1717773267.757431 v2.0 SECSM 0 28832 0 2089900007490 0 0 0 3 RRCSetupComplete 2 0 0 0 1717773267.723642 0 0.0 0.0 Benign
UE 33 1717773267.757431 v2.0 SECSM 0 28832 0 2089900007490 0 0 0 3 Registrationrequest 2 1 0 0 1717773267.723642 0 1717773267.757431 0.0 Benign
UE 34 1717773267.828585 v2.0 SECSM 0 28832 0 2089900007490 0 0 0 3 Authenticationrequest 2 1 0 0 1717773267.723642 0 1717773267.757431 0.0 Benign
UE 35 1717773267.8524418 v2.0 SECSM 0 28832 0 2089900007490 0 0 0 3 Authenticationresponse 2 1 0 0 1717773267.723642 0 1717773267.757431 0.0 Benign
UE 36 1717773267.8557355 v2.0 SECSM 0 28832 0 2089900007490 0 0 0 3 Securitymodecommand 2 1 0 0 1717773267.723642 0 1717773267.757431 0.0 Benign
UE 37 1717773267.8773923 v2.0 SECSM 0 28832 0 2089900007490 0 0 0 3 Securitymodecomplete 2 1 1 0 1717773267.723642 0 1717773267.757431 0.0 Benign
UE 38 1717773267.8814588 v2.0 SECSM 0 28832 0 2089900007490 0 2 2 3 SecurityModeCommand 2 1 1 0 1717773267.723642 0 1717773267.757431 0.0 Benign
UE 39 1717773268.0868874 v2.0 SECSM 0 28832 0 2089900007490 0 2 2 3 SecurityModeComplete 2 1 1 0 1717773267.723642 0 1717773267.757431 0.0 Benign
UE 40 1717773312.043553 v2.0 SECSM 0 12811 0 0 0 0 0 3 RRCSetupRequest 0 0 0 0 0.0 0 0.0 0.0 Benign
UE 41 1717773312.0438402 v2.0 SECSM 0 12811 0 0 0 0 0 3 RRCSetup 2 0 0 0 1717773312.0438402 0 0.0 0.0 Benign
UE 42 1717773312.0775323 v2.0 SECSM 0 12811 0 2089900007490 0 0 0 3 RRCSetupComplete 2 0 0 0 1717773312.0438402 0 0.0 0.0 Benign
UE 43 1717773312.0775323 v2.0 SECSM 0 12811 0 2089900007490 0 0 0 3 Registrationrequest 2 1 0 0 1717773312.0438402 0 1717773312.0775323 0.0 Benign
UE 44 1717773312.1535597 v2.0 SECSM 0 12811 0 2089900007490 0 0 0 3 Authenticationrequest 2 1 0 0 1717773312.0438402 0 1717773312.0775323 0.0 Benign
UE 45 1717773312.177528 v2.0 SECSM 0 12811 0 2089900007490 0 0 0 3 Authenticationresponse 2 1 0 0 1717773312.0438402 0 1717773312.0775323 0.0 Benign
UE 46 1717773312.1808827 v2.0 SECSM 0 12811 0 2089900007490 0 0 0 3 Securitymodecommand 2 1 0 0 1717773312.0438402 0 1717773312.0775323 0.0 Benign
UE 47 1717773312.1936915 v2.0 SECSM 0 12811 0 2089900007490 0 0 0 3 Securitymodecomplete 2 1 1 0 1717773312.0438402 0 1717773312.0775323 0.0 Benign
UE 48 1717773312.197914 v2.0 SECSM 0 12811 0 2089900007490 0 2 2 3 SecurityModeCommand 2 1 1 0 1717773312.0438402 0 1717773312.0775323 0.0 Benign
UE 49 1717773312.3988876 v2.0 SECSM 0 12811 0 2089900007490 0 2 2 3 SecurityModeComplete 2 1 1 0 1717773312.0438402 0 1717773312.0775323 0.0 Benign
UE 50 1717773326.8235664 v2.0 SECSM 0 49032 0 0 0 0 0 3 RRCSetupRequest 0 0 0 0 0.0 0 0.0 0.0 Benign
UE 51 1717773326.8238783 v2.0 SECSM 0 49032 0 0 0 0 0 3 RRCSetup 2 0 0 0 1717773326.8238783 0 0.0 0.0 Benign
UE 52 1717773326.8575728 v2.0 SECSM 0 49032 0 2089900007492 0 0 0 3 RRCSetupComplete 2 0 0 0 1717773326.8238783 0 0.0 0.0 Benign
UE 53 1717773326.8575728 v2.0 SECSM 0 49032 0 2089900007492 0 0 0 3 Registrationrequest 2 1 0 0 1717773326.8238783 0 1717773326.8575728 0.0 Benign
UE 54 1717773326.9369144 v2.0 SECSM 0 49032 0 2089900007492 0 0 0 3 Authenticationrequest 2 1 0 0 1717773326.8238783 0 1717773326.8575728 0.0 Benign
UE 55 1717773326.9576857 v2.0 SECSM 0 49032 0 2089900007492 0 0 0 3 Authenticationresponse 2 1 0 0 1717773326.8238783 0 1717773326.8575728 0.0 Benign
UE 56 1717773326.9608488 v2.0 SECSM 0 49032 0 2089900007492 0 0 0 3 Securitymodecommand 2 1 0 0 1717773326.8238783 0 1717773326.8575728 0.0 Benign
UE 57 1717773326.9825225 v2.0 SECSM 0 49032 0 2089900007492 0 0 0 3 Securitymodecomplete 2 1 1 0 1717773326.8238783 0 1717773326.8575728 0.0 Benign
UE 58 1717773326.9865496 v2.0 SECSM 0 49032 0 2089900007492 0 2 2 3 SecurityModeCommand 2 1 1 0 1717773326.8238783 0 1717773326.8575728 0.0 Benign
UE 59 1717773327.1910148 v2.0 SECSM 0 49032 0 2089900007492 0 2 2 3 LoggedMeasurementConfiguration-r16 2 1 1 0 1717773326.8238783 0 1717773326.8575728 0.0 Benign
UE 60 1717773327.2075531 v2.0 SECSM 0 49032 0 2089900007492 0 2 2 3 RRCReconfigurationComplete 2 2 1 0 1717773326.8238783 0 1717773326.8575728 1717773327.2075531 Benign
UE 61 1717773327.2235272 v2.0 SECSM 0 49032 0 2089900007492 0 2 2 3 RRCReconfigurationComplete 2 2 1 0 1717773326.8238783 0 1717773326.8575728 1717773327.2075531 Benign
UE 62 1717773328.223565 v2.0 SECSM 0 49032 0 2089900007492 0 2 2 3 MeasurementReport 2 2 1 0 1717773326.8238783 0 1717773326.8575728 1717773327.2075531 Benign
UE 63 1717773328.4308877 v2.0 SECSM 0 49032 0 2089900007492 0 2 2 3 RRCReconfigurationComplete 2 2 1 0 1717773326.8238783 0 1717773326.8575728 1717773327.2075531 Benign
UE 64 1717773328.4375136 v2.0 SECSM 0 49032 0 2089900007492 0 2 2 3 MobilityFromNRCommand 2 2 1 0 1717773326.8238783 0 1717773326.8575728 1717773327.2075531 Benign
UE 65 1717773328.4536896 v2.0 SECSM 0 49032 0 2089900007492 0 2 2 3 MeasurementReport 2 2 1 0 1717773326.8238783 0 1717773326.8575728 1717773327.2075531 Benign
UE 66 1717773336.08814 v2.0 SECSM 0 49032 0 2089900007492 0 2 2 3 ULInformationTransfer 2 2 1 0 1717773326.8238783 0 1717773326.8575728 1717773327.2075531 Benign
UE 67 1717773337.108649 v2.0 SECSM 0 49032 0 2089900007492 0 2 2 3 ULInformationTransfer 2 2 1 0 1717773326.8238783 0 1717773326.8575728 1717773327.2075531 Benign
UE 68 1717773354.043665 v2.0 SECSM 0 34531 0 0 0 0 0 3 RRCSetupRequest 0 0 0 0 0.0 0 0.0 0.0 Benign
UE 69 1717773354.0439637 v2.0 SECSM 0 34531 0 0 0 0 0 3 RRCSetup 2 0 0 0 1717773354.0439637 0 0.0 0.0 Benign
UE 70 1717773354.0836933 v2.0 SECSM 0 34531 0 2089900007493 0 0 0 3 RRCSetupComplete 2 0 0 0 1717773354.0439637 0 0.0 0.0 Benign
UE 71 1717773354.0836933 v2.0 SECSM 0 34531 0 2089900007493 0 0 0 3 Registrationrequest 2 1 0 0 1717773354.0439637 0 1717773354.0836933 0.0 Benign
UE 72 1717773354.2871609 v2.0 SECSM 0 34531 0 2089900007493 0 0 0 3 Authenticationrequest 2 1 0 0 1717773354.0439637 0 1717773354.0836933 0.0 Benign
UE 73 1717773354.3075745 v2.0 SECSM 0 34531 0 2089900007493 0 0 0 3 Authenticationresponse 2 1 0 0 1717773354.0439637 0 1717773354.0836933 0.0 Benign
UE 74 1717773354.310968 v2.0 SECSM 0 34531 0 2089900007493 0 0 0 3 Securitymodecommand 2 1 0 0 1717773354.0439637 0 1717773354.0836933 0.0 Benign
UE 75 1717773354.3325956 v2.0 SECSM 0 34531 0 2089900007493 0 0 0 3 Securitymodecomplete 2 1 1 0 1717773354.0439637 0 1717773354.0836933 0.0 Benign
UE 76 1717773354.336615 v2.0 SECSM 0 34531 0 2089900007493 0 2 2 3 SecurityModeCommand 2 1 1 0 1717773354.0439637 0 1717773354.0836933 0.0 Benign
UE 77 1717773354.5428908 v2.0 SECSM 0 34531 0 2089900007493 0 2 2 3 SecurityModeComplete 2 1 1 0 1717773354.0439637 0 1717773354.0836933 0.0 Benign
UE 78 1717773374.7237017 v2.0 SECSM 0 17599 0 0 0 0 0 3 RRCSetupRequest 0 0 0 0 0.0 0 0.0 0.0 Benign
UE 79 1717773374.7239864 v2.0 SECSM 0 17599 0 0 0 0 0 3 RRCSetup 2 0 0 0 1717773374.7239864 0 0.0 0.0 Benign
UE 80 1717773374.75768 v2.0 SECSM 0 17599 0 2089900007494 0 0 0 3 RRCSetupComplete 2 0 0 0 1717773374.7239864 0 0.0 0.0 Benign
UE 81 1717773374.75768 v2.0 SECSM 0 17599 0 2089900007494 0 0 0 3 Registrationrequest 2 1 0 0 1717773374.7239864 0 1717773374.75768 0.0 Benign
UE 82 1717773374.8786042 v2.0 SECSM 0 17599 0 2089900007494 0 0 0 3 Authenticationrequest 2 1 0 0 1717773374.7239864 0 1717773374.75768 0.0 Benign
UE 83 1717773374.9026828 v2.0 SECSM 0 17599 0 2089900007494 0 0 0 3 Authenticationresponse 2 1 0 0 1717773374.7239864 0 1717773374.75768 0.0 Benign
UE 84 1717773374.9060187 v2.0 SECSM 0 17599 0 2089900007494 0 0 0 3 Securitymodecommand 2 1 0 0 1717773374.7239864 0 1717773374.75768 0.0 Benign
UE 85 1717773374.9186723 v2.0 SECSM 0 17599 0 2089900007494 0 0 0 3 Securitymodecomplete 2 1 1 0 1717773374.7239864 0 1717773374.75768 0.0 Benign
UE 86 1717773374.922551 v2.0 SECSM 0 17599 0 2089900007494 0 2 2 3 SecurityModeCommand 2 1 1 0 1717773374.7239864 0 1717773374.75768 0.0 Benign
UE 87 1717773375.1268897 v2.0 SECSM 0 17599 0 2089900007494 0 2 2 3 SecurityModeComplete 2 1 1 0 1717773374.7239864 0 1717773374.75768 0.0 Benign
UE 88 1717773390.1437705 v2.0 SECSM 0 61204 0 0 0 0 0 3 RRCSetupRequest 0 0 0 0 0.0 0 0.0 0.0 Benign
UE 89 1717773390.1440437 v2.0 SECSM 0 61204 0 0 0 0 0 3 RRCSetup 2 0 0 0 1717773390.1440437 0 0.0 0.0 Benign
UE 90 1717773390.1777003 v2.0 SECSM 0 61204 0 2089900007495 0 0 0 3 RRCSetupComplete 2 0 0 0 1717773390.1440437 0 0.0 0.0 Benign
UE 91 1717773390.1777003 v2.0 SECSM 0 61204 0 2089900007495 0 0 0 3 Registrationrequest 2 1 0 0 1717773390.1440437 0 1717773390.1777003 0.0 Benign
UE 92 1717773390.2535436 v2.0 SECSM 0 61204 0 2089900007495 0 0 0 3 Authenticationrequest 2 1 0 0 1717773390.1440437 0 1717773390.1777003 0.0 Benign
UE 93 1717773390.283754 v2.0 SECSM 0 61204 0 2089900007495 0 0 0 3 Authenticationresponse 2 1 0 0 1717773390.1440437 0 1717773390.1777003 0.0 Benign
UE 94 1717773390.287051 v2.0 SECSM 0 61204 0 2089900007495 0 0 0 3 Securitymodecommand 2 1 0 0 1717773390.1440437 0 1717773390.1777003 0.0 Benign
UE 95 1717773390.3076596 v2.0 SECSM 0 61204 0 2089900007495 0 0 0 3 Securitymodecomplete 2 1 1 0 1717773390.1440437 0 1717773390.1777003 0.0 Benign
UE 96 1717773390.311476 v2.0 SECSM 0 61204 0 2089900007495 0 2 2 3 SecurityModeCommand 2 1 1 0 1717773390.1440437 0 1717773390.1777003 0.0 Benign
UE 97 1717773390.5188947 v2.0 SECSM 0 61204 0 2089900007495 0 2 2 3 SecurityModeComplete 2 1 1 0 1717773390.1440437 0 1717773390.1777003 0.0 Benign
UE 98 1717773412.723776 v2.0 SECSM 0 34438 0 0 0 0 0 3 RRCSetupRequest 0 0 0 0 0.0 0 0.0 0.0 Benign
UE 99 1717773412.724076 v2.0 SECSM 0 34438 0 0 0 0 0 3 RRCSetup 2 0 0 0 1717773412.724076 0 0.0 0.0 Benign
UE 100 1717773412.7578988 v2.0 SECSM 0 34438 0 2089900007496 0 0 0 3 RRCSetupComplete 2 0 0 0 1717773412.724076 0 0.0 0.0 Benign
UE 101 1717773412.7578988 v2.0 SECSM 0 34438 0 2089900007496 0 0 0 3 Registrationrequest 2 1 0 0 1717773412.724076 0 1717773412.7578988 0.0 Benign
UE 102 1717773412.845204 v2.0 SECSM 0 34438 0 2089900007496 0 0 0 3 Authenticationrequest 2 1 0 0 1717773412.724076 0 1717773412.7578988 0.0 Benign
UE 103 1717773412.8584044 v2.0 SECSM 0 34438 0 2089900007496 0 0 0 3 Authenticationresponse 2 1 0 0 1717773412.724076 0 1717773412.7578988 0.0 Benign
UE 104 1717773412.8616917 v2.0 SECSM 0 34438 0 2089900007496 0 0 0 3 Securitymodecommand 2 1 0 0 1717773412.724076 0 1717773412.7578988 0.0 Benign
UE 105 1717773412.882768 v2.0 SECSM 0 34438 0 2089900007496 0 0 0 3 Securitymodecomplete 2 1 1 0 1717773412.724076 0 1717773412.7578988 0.0 Benign
UE 106 1717773412.8866782 v2.0 SECSM 0 34438 0 2089900007496 0 2 2 3 SecurityModeCommand 2 1 1 0 1717773412.724076 0 1717773412.7578988 0.0 Benign
UE 107 1717773413.0948796 v2.0 SECSM 0 34438 0 2089900007496 0 2 2 3 SecurityModeComplete 2 1 1 0 1717773412.724076 0 1717773412.7578988 0.0 Benign
UE 0 1711647101.9818745 v2.0 SECSM 0 12379 0 0 0 0 0 3 RRCSetupRequest 0 0 0 0 0.0 0 0.0 0.0 Benign
UE 1 1711647101.9822195 v2.0 SECSM 0 12379 0 0 0 0 0 3 RRCSetup 2 0 0 0 1711647101.9822195 0 0.0 0.0 Benign
UE 2 1711647102.186159 v2.0 SECSM 0 12379 0 1010000000001 0 0 0 3 RRCSetupComplete 2 0 0 0 1711647101.9822195 0 0.0 0.0 Benign
UE 3 1711647102.186159 v2.0 SECSM 0 12379 0 1010000000001 0 0 0 3 Registrationrequest 2 1 0 0 1711647101.9822195 0 1711647102.186159 0.0 Benign
UE 4 1711647102.274084 v2.0 SECSM 0 12379 0 1010000000001 0 0 0 3 Authenticationrequest 2 1 0 0 1711647101.9822195 0 1711647102.186159 0.0 Benign
UE 5 1711647102.3562086 v2.0 SECSM 0 12379 0 1010000000001 0 0 0 3 Authenticationresponse 2 1 0 0 1711647101.9822195 0 1711647102.186159 0.0 Benign
UE 6 1711647102.3577473 v2.0 SECSM 0 12379 0 1010000000001 0 0 0 3 Securitymodecommand 2 1 0 0 1711647101.9822195 0 1711647102.186159 0.0 Benign
UE 7 1711647102.3721874 v2.0 SECSM 0 12379 0 1010000000001 0 0 0 3 ULInformationTransfer 2 1 0 0 1711647101.9822195 0 1711647102.186159 0.0 Benign
UE 8 1711647102.3746867 v2.0 SECSM 0 12379 0 1010000000001 0 2 2 3 SecurityModeCommand 2 1 0 0 1711647101.9822195 0 1711647102.186159 0.0 Benign
UE 9 1711647102.57658 v2.0 SECSM 0 12379 0 1010000000001 0 2 2 3 SecurityModeComplete 2 1 1 0 1711647101.9822195 0 1711647102.186159 0.0 Benign
UE 10 1711647129.1918535 v2.0 SECSM 0 19065 0 0 0 0 0 3 RRCSetupRequest 0 0 0 0 0.0 0 0.0 0.0 Benign
UE 11 1711647129.1922264 v2.0 SECSM 0 19065 0 0 0 0 0 3 RRCSetup 2 0 0 0 1711647129.1922264 0 0.0 0.0 Benign
UE 12 1711647130.0862288 v2.0 SECSM 0 19065 0 0 0 0 0 3 RRCSetupComplete 2 0 0 0 1711647129.1922264 0 0.0 0.0 Benign
UE 13 1711647130.0862288 v2.0 SECSM 0 19065 0 0 0 0 0 3 Registrationrequest 2 1 0 0 1711647129.1922264 0 1711647130.0862288 0.0 Benign
UE 14 1711647143.1593494 v2.0 SECSM 0 35627 0 0 0 0 0 3 RRCSetupRequest 0 0 0 0 0.0 0 0.0 0.0 Benign
UE 15 1711647143.1597855 v2.0 SECSM 0 35627 0 0 0 0 0 3 RRCSetup 2 0 0 0 1711647143.1597855 0 0.0 0.0 Benign
UE 16 1711647143.429902 v2.0 SECSM 0 35627 0 0 0 0 0 3 RRCSetupComplete 2 0 0 0 1711647143.1597855 0 0.0 0.0 Benign
UE 17 1711647143.429902 v2.0 SECSM 0 35627 0 0 0 0 0 3 Registrationrequest 2 1 0 0 1711647143.1597855 0 1711647143.429902 0.0 Benign
UE 18 1711647158.0637271 v2.0 SECSM 0 35627 0 0 0 0 0 3 DeregistrationrequestUEoriginating 2 1 0 0 1711647143.1597855 0 1711647143.429902 0.0 Benign
UE 19 1711647166.10942 v2.0 SECSM 0 14621 0 0 0 0 0 3 RRCSetupRequest 0 0 0 0 0.0 0 0.0 0.0 Benign
UE 20 1711647166.1098497 v2.0 SECSM 0 14621 0 0 0 0 0 3 RRCSetup 2 0 0 0 1711647166.1098497 0 0.0 0.0 Benign
UE 21 1711647166.5498705 v2.0 SECSM 0 14621 0 0 0 0 0 3 RRCSetupComplete 2 0 0 0 1711647166.1098497 0 0.0 0.0 Benign
UE 22 1711647166.5498705 v2.0 SECSM 0 14621 0 0 0 0 0 3 Registrationrequest 2 1 0 0 1711647166.1098497 0 1711647166.5498705 0.0 Benign
UE 23 1711647191.2391489 v2.0 SECSM 0 64415 0 0 0 0 0 3 RRCSetupRequest 0 0 0 0 0.0 0 0.0 0.0 Benign
UE 24 1711647191.2395349 v2.0 SECSM 0 64415 0 0 0 0 0 3 RRCSetup 2 0 0 0 1711647191.2395349 0 0.0 0.0 Benign
UE 25 1711647201.3190284 v2.0 SECSM 0 59977 0 0 0 0 0 3 RRCSetupRequest 0 0 0 0 0.0 0 0.0 0.0 Benign
UE 26 1711647201.3193157 v2.0 SECSM 0 59977 0 0 0 0 0 3 RRCSetup 2 0 0 0 1711647201.3193157 0 0.0 0.0 Benign
UE 27 1711647208.5695004 v2.0 SECSM 0 36741 0 0 0 0 0 3 RRCSetupRequest 0 0 0 0 0.0 0 0.0 0.0 Benign
UE 28 1711647208.569937 v2.0 SECSM 0 36741 0 0 0 0 0 3 RRCSetup 2 0 0 0 1711647208.569937 0 0.0 0.0 Benign
UE 29 1711647209.5588093 v2.0 SECSM 0 36741 0 0 0 0 0 3 RRCSetupComplete 2 0 0 0 1711647208.569937 0 0.0 0.0 Benign
UE 30 1711647209.5588093 v2.0 SECSM 0 36741 0 0 0 0 0 3 Registrationrequest 2 1 0 0 1711647208.569937 0 1711647209.5588093 0.0 Benign
UE 31 1711647228.7091036 v2.0 SECSM 0 35182 0 0 0 0 0 3 RRCSetupRequest 0 0 0 0 0.0 0 0.0 0.0 Benign
UE 32 1711647228.7093856 v2.0 SECSM 0 35182 0 0 0 0 0 3 RRCSetup 2 0 0 0 1711647228.7093856 0 0.0 0.0 Benign
UE 33 1711647229.3438687 v2.0 SECSM 0 35182 0 0 0 0 0 3 RRCSetupComplete 2 0 0 0 1711647228.7093856 0 0.0 0.0 Benign
UE 34 1711647229.3438687 v2.0 SECSM 0 35182 0 0 0 0 0 3 Registrationrequest 2 1 0 0 1711647228.7093856 0 1711647229.3438687 0.0 Benign
UE 0 1717773988.7257173 v2.0 SECSM 0 5548 0 0 0 0 0 3 RRCSetupRequest 0 0 0 0 0.0 0 0.0 0.0 Benign
UE 1 1717773988.7260036 v2.0 SECSM 0 5548 0 0 0 0 0 3 RRCSetup 2 0 0 0 1717773988.7260036 0 0.0 0.0 Benign
UE 2 1717773988.7592003 v2.0 SECSM 0 5548 0 2089900007488 0 0 0 3 RRCSetupComplete 2 0 0 0 1717773988.7260036 0 0.0 0.0 Benign
UE 3 1717773988.7592003 v2.0 SECSM 0 5548 0 2089900007488 0 0 0 3 Registrationrequest 2 1 0 0 1717773988.7260036 0 1717773988.7592003 0.0 Benign
UE 4 1717773988.83697 v2.0 SECSM 0 5548 0 2089900007488 0 0 0 3 Authenticationrequest 2 1 0 0 1717773988.7260036 0 1717773988.7592003 0.0 Benign
UE 5 1717773988.8592076 v2.0 SECSM 0 5548 0 2089900007488 0 0 0 3 Authenticationresponse 2 1 0 0 1717773988.7260036 0 1717773988.7592003 0.0 Benign
UE 6 1717773988.8624587 v2.0 SECSM 0 5548 0 2089900007488 0 0 0 3 Securitymodecommand 2 1 0 0 1717773988.7260036 0 1717773988.7592003 0.0 Benign
UE 7 1717773988.8841777 v2.0 SECSM 0 5548 0 2089900007488 0 0 0 3 Securitymodecomplete 2 1 1 0 1717773988.7260036 0 1717773988.7592003 0.0 Benign
UE 8 1717773988.8881876 v2.0 SECSM 0 5548 0 2089900007488 0 2 2 3 SecurityModeCommand 2 1 1 0 1717773988.7260036 0 1717773988.7592003 0.0 Benign
UE 9 1717773989.0948677 v2.0 SECSM 0 5548 0 2089900007488 0 2 2 3 SecurityModeComplete 2 1 1 0 1717773988.7260036 0 1717773988.7592003 0.0 Benign
UE 10 1717774027.725315 v2.0 SECSM 0 11746 0 0 0 0 0 3 RRCSetupRequest 0 0 0 0 0.0 0 0.0 0.0 Benign
UE 11 1717774027.7255828 v2.0 SECSM 0 11746 0 0 0 0 0 3 RRCSetup 2 0 0 0 1717774027.7255828 0 0.0 0.0 Benign
UE 12 1717774027.7593071 v2.0 SECSM 0 11746 0 2089900007487 0 0 0 3 RRCSetupComplete 2 0 0 0 1717774027.7255828 0 0.0 0.0 Benign
UE 13 1717774027.7593071 v2.0 SECSM 0 11746 0 2089900007487 0 0 0 3 Registrationrequest 2 1 0 0 1717774027.7255828 0 1717774027.7593071 0.0 Benign
UE 14 1717774027.8870249 v2.0 SECSM 0 11746 0 2089900007487 0 0 0 3 Authenticationrequest 2 1 0 0 1717774027.7255828 0 1717774027.7593071 0.0 Benign
UE 15 1717774027.9002876 v2.0 SECSM 0 11746 0 2089900007487 0 0 0 3 Authenticationresponse 2 1 0 0 1717774027.7255828 0 1717774027.7593071 0.0 Benign
UE 16 1717774027.903722 v2.0 SECSM 0 11746 0 2089900007487 0 0 0 3 Securitymodecommand 2 1 0 0 1717774027.7255828 0 1717774027.7593071 0.0 Benign
UE 17 1717774027.9242628 v2.0 SECSM 0 11746 0 2089900007487 0 0 0 3 Securitymodecomplete 2 1 1 0 1717774027.7255828 0 1717774027.7593071 0.0 Benign
UE 18 1717774027.9285612 v2.0 SECSM 0 11746 0 2089900007487 0 2 2 3 SecurityModeCommand 2 1 1 0 1717774027.7255828 0 1717774027.7593071 0.0 Benign
UE 19 1717774028.134869 v2.0 SECSM 0 11746 0 2089900007487 0 2 2 3 SecurityModeComplete 2 1 1 0 1717774027.7255828 0 1717774027.7593071 0.0 Benign
UE 20 1717774079.8254871 v2.0 SECSM 0 35037 0 0 0 0 0 3 RRCSetupRequest 0 0 0 0 0.0 0 0.0 0.0 Benign
UE 21 1717774079.825746 v2.0 SECSM 0 35037 0 0 0 0 0 3 RRCSetup 2 0 0 0 1717774079.825746 0 0.0 0.0 Benign
UE 22 1717774079.859403 v2.0 SECSM 0 35037 0 2089900007489 0 0 0 3 RRCSetupComplete 2 0 0 0 1717774079.825746 0 0.0 0.0 Benign
UE 23 1717774079.859403 v2.0 SECSM 0 35037 0 2089900007489 0 0 0 3 Registrationrequest 2 1 0 0 1717774079.825746 0 1717774079.859403 0.0 Benign
UE 24 1717774079.953754 v2.0 SECSM 0 35037 0 2089900007489 0 0 0 3 Authenticationrequest 2 1 0 0 1717774079.825746 0 1717774079.859403 0.0 Benign
UE 25 1717774079.9694061 v2.0 SECSM 0 35037 0 2089900007489 0 0 0 3 Authenticationresponse 2 1 0 0 1717774079.825746 0 1717774079.859403 0.0 Benign
UE 26 1717774079.9729016 v2.0 SECSM 0 35037 0 2089900007489 0 0 0 3 Securitymodecommand 2 1 0 0 1717774079.825746 0 1717774079.859403 0.0 Benign
UE 27 1717774079.9854226 v2.0 SECSM 0 35037 0 2089900007489 0 0 0 3 Securitymodecomplete 2 1 1 0 1717774079.825746 0 1717774079.859403 0.0 Benign
UE 28 1717774079.9896245 v2.0 SECSM 0 35037 0 2089900007489 0 2 2 3 SecurityModeCommand 2 1 1 0 1717774079.825746 0 1717774079.859403 0.0 Benign
UE 29 1717774080.1908696 v2.0 SECSM 0 35037 0 2089900007489 0 2 2 3 SecurityModeComplete 2 1 1 0 1717774079.825746 0 1717774079.859403 0.0 Benign
UE 30 1717774110.725486 v2.0 SECSM 0 17708 0 0 0 0 0 3 RRCSetupRequest 0 0 0 0 0.0 0 0.0 0.0 Benign
UE 31 1717774110.7257323 v2.0 SECSM 0 17708 0 0 0 0 0 3 RRCSetup 2 0 0 0 1717774110.7257323 0 0.0 0.0 Benign
UE 32 1717774110.759498 v2.0 SECSM 0 17708 0 2089900007490 0 0 0 3 RRCSetupComplete 2 0 0 0 1717774110.7257323 0 0.0 0.0 Benign
UE 33 1717774110.759498 v2.0 SECSM 0 17708 0 2089900007490 0 0 0 3 Registrationrequest 2 1 0 0 1717774110.7257323 0 1717774110.759498 0.0 Benign
UE 34 1717774110.837078 v2.0 SECSM 0 17708 0 2089900007490 0 0 0 3 Authenticationrequest 2 1 0 0 1717774110.7257323 0 1717774110.759498 0.0 Benign
UE 35 1717774110.8595023 v2.0 SECSM 0 17708 0 2089900007490 0 0 0 3 Authenticationresponse 2 1 0 0 1717774110.7257323 0 1717774110.759498 0.0 Benign
UE 36 1717774110.8629327 v2.0 SECSM 0 17708 0 2089900007490 0 0 0 3 Securitymodecommand 2 1 0 0 1717774110.7257323 0 1717774110.759498 0.0 Benign
UE 37 1717774110.8844628 v2.0 SECSM 0 17708 0 2089900007490 0 0 0 3 Securitymodecomplete 2 1 1 0 1717774110.7257323 0 1717774110.759498 0.0 Benign
UE 38 1717774110.8884733 v2.0 SECSM 0 17708 0 2089900007490 0 2 2 3 SecurityModeCommand 2 1 1 0 1717774110.7257323 0 1717774110.759498 0.0 Benign
UE 39 1717774111.0948687 v2.0 SECSM 0 17708 0 2089900007490 0 2 2 3 SecurityModeComplete 2 1 1 0 1717774110.7257323 0 1717774110.759498 0.0 Benign
UE 40 1717774134.7256317 v2.0 SECSM 0 50504 0 0 0 0 0 3 RRCSetupRequest 0 0 0 0 0.0 0 0.0 0.0 Benign
UE 41 1717774134.7258825 v2.0 SECSM 0 50504 0 0 0 0 0 3 RRCSetup 2 0 0 0 1717774134.7258825 0 0.0 0.0 Benign
UE 42 1717774134.7595596 v2.0 SECSM 0 50504 0 2089900007491 0 0 0 3 RRCSetupComplete 2 0 0 0 1717774134.7258825 0 0.0 0.0 Benign
UE 43 1717774134.7595596 v2.0 SECSM 0 50504 0 2089900007491 0 0 0 3 Registrationrequest 2 1 0 0 1717774134.7258825 0 1717774134.7595596 0.0 Benign
UE 44 1717774134.8704472 v2.0 SECSM 0 50504 0 2089900007491 0 0 0 3 Authenticationrequest 2 1 0 0 1717774134.7258825 0 1717774134.7595596 0.0 Benign
UE 45 1717774134.8855276 v2.0 SECSM 0 50504 0 2089900007491 0 0 0 3 Authenticationresponse 2 1 0 0 1717774134.7258825 0 1717774134.7595596 0.0 Benign
UE 46 1717774134.8887973 v2.0 SECSM 0 50504 0 2089900007491 0 0 0 3 Securitymodecommand 2 1 0 0 1717774134.7258825 0 1717774134.7595596 0.0 Benign
UE 47 1717774134.9005356 v2.0 SECSM 0 50504 0 2089900007491 0 0 0 3 Securitymodecomplete 2 1 1 0 1717774134.7258825 0 1717774134.7595596 0.0 Benign
UE 48 1717774134.9046085 v2.0 SECSM 0 50504 0 2089900007491 0 2 2 3 SecurityModeCommand 2 1 1 0 1717774134.7258825 0 1717774134.7595596 0.0 Benign
UE 49 1717774135.1108701 v2.0 SECSM 0 50504 0 2089900007491 0 2 2 3 SecurityModeComplete 2 1 1 0 1717774134.7258825 0 1717774134.7595596 0.0 Benign
UE 50 1717774164.7256658 v2.0 SECSM 0 47783 0 0 0 0 0 3 RRCSetupRequest 0 0 0 0 0.0 0 0.0 0.0 Benign
UE 51 1717774164.725924 v2.0 SECSM 0 47783 0 0 0 0 0 3 RRCSetup 2 0 0 0 1717774164.725924 0 0.0 0.0 Benign
UE 52 1717774164.7596002 v2.0 SECSM 0 47783 0 2089900007492 0 0 0 3 RRCSetupComplete 2 0 0 0 1717774164.725924 0 0.0 0.0 Benign
UE 53 1717774164.7596002 v2.0 SECSM 0 47783 0 2089900007492 0 0 0 3 Registrationrequest 2 1 0 0 1717774164.725924 0 1717774164.7596002 0.0 Benign
UE 54 1717774164.8370867 v2.0 SECSM 0 47783 0 2089900007492 0 0 0 3 Authenticationrequest 2 1 0 0 1717774164.725924 0 1717774164.7596002 0.0 Benign
UE 55 1717774164.8506262 v2.0 SECSM 0 47783 0 2089900007492 0 0 0 3 Authenticationresponse 2 1 0 0 1717774164.725924 0 1717774164.7596002 0.0 Benign
UE 56 1717774164.8539808 v2.0 SECSM 0 47783 0 2089900007492 0 0 0 3 Securitymodecommand 2 1 0 0 1717774164.725924 0 1717774164.7596002 0.0 Benign
UE 57 1717774164.8746421 v2.0 SECSM 0 47783 0 2089900007492 0 0 0 3 Securitymodecomplete 2 1 1 0 1717774164.725924 0 1717774164.7596002 0.0 Benign
UE 58 1717774164.878756 v2.0 SECSM 0 47783 0 2089900007492 0 2 2 3 SecurityModeCommand 2 1 1 0 1717774164.725924 0 1717774164.7596002 0.0 Benign
UE 59 1717774165.086867 v2.0 SECSM 0 47783 0 2089900007492 0 2 2 3 SecurityModeComplete 2 1 1 0 1717774164.725924 0 1717774164.7596002 0.0 Benign
UE 60 1717774196.8257003 v2.0 SECSM 0 10918 0 0 0 0 0 3 RRCSetupRequest 0 0 0 0 0.0 0 0.0 0.0 Benign
UE 61 1717774196.8259604 v2.0 SECSM 0 10918 0 0 0 0 0 3 RRCSetup 2 0 0 0 1717774196.8259604 0 0.0 0.0 Benign
UE 62 1717774196.8596747 v2.0 SECSM 0 10918 0 2089900007493 0 0 0 3 RRCSetupComplete 2 0 0 0 1717774196.8259604 0 0.0 0.0 Benign
UE 63 1717774196.8596747 v2.0 SECSM 0 10918 0 2089900007493 0 0 0 3 Registrationrequest 2 1 0 0 1717774196.8259604 0 1717774196.8596747 0.0 Benign
UE 64 1717774196.9537892 v2.0 SECSM 0 10918 0 2089900007493 0 0 0 3 Authenticationrequest 2 1 0 0 1717774196.8259604 0 1717774196.8596747 0.0 Benign
UE 65 1717774196.969679 v2.0 SECSM 0 10918 0 2089900007493 0 0 0 3 Authenticationresponse 2 1 0 0 1717774196.8259604 0 1717774196.8596747 0.0 Benign
UE 66 1717774196.9730873 v2.0 SECSM 0 10918 0 2089900007493 0 0 0 3 Securitymodecommand 2 1 0 0 1717774196.8259604 0 1717774196.8596747 0.0 Benign
UE 67 1717774196.99471 v2.0 SECSM 0 10918 0 2089900007493 0 0 0 3 Securitymodecomplete 2 1 1 0 1717774196.8259604 0 1717774196.8596747 0.0 Benign
UE 68 1717774196.9988391 v2.0 SECSM 0 10918 0 2089900007493 0 2 2 3 SecurityModeCommand 2 1 1 0 1717774196.8259604 0 1717774196.8596747 0.0 Benign
UE 69 1717774197.2068677 v2.0 SECSM 0 10918 0 2089900007493 0 2 2 3 SecurityModeComplete 2 1 1 0 1717774196.8259604 0 1717774196.8596747 0.0 Benign
UE 70 1717774219.8257444 v2.0 SECSM 0 41601 0 0 0 0 0 3 RRCSetupRequest 0 0 0 0 0.0 0 0.0 0.0 Benign
UE 71 1717774219.826005 v2.0 SECSM 0 41601 0 0 0 0 0 3 RRCSetup 2 0 0 0 1717774219.826005 0 0.0 0.0 Benign
UE 72 1717774219.8597238 v2.0 SECSM 0 41601 0 2089900007494 0 0 0 3 RRCSetupComplete 2 0 0 0 1717774219.826005 0 0.0 0.0 Benign
UE 73 1717774219.8597238 v2.0 SECSM 0 41601 0 2089900007494 0 0 0 3 Registrationrequest 2 1 0 0 1717774219.826005 0 1717774219.8597238 0.0 Benign
UE 74 1717774219.9370852 v2.0 SECSM 0 41601 0 2089900007494 0 0 0 3 Authenticationrequest 2 1 0 0 1717774219.826005 0 1717774219.8597238 0.0 Benign
UE 75 1717774219.9507551 v2.0 SECSM 0 41601 0 2089900007494 0 0 0 3 Authenticationresponse 2 1 0 0 1717774219.826005 0 1717774219.8597238 0.0 Benign
UE 76 1717774219.9538777 v2.0 SECSM 0 41601 0 2089900007494 0 0 0 3 Securitymodecommand 2 1 0 0 1717774219.826005 0 1717774219.8597238 0.0 Benign
UE 77 1717774219.9746957 v2.0 SECSM 0 41601 0 2089900007494 0 0 0 3 Securitymodecomplete 2 1 1 0 1717774219.826005 0 1717774219.8597238 0.0 Benign
UE 78 1717774219.9785035 v2.0 SECSM 0 41601 0 2089900007494 0 2 2 3 SecurityModeCommand 2 1 1 0 1717774219.826005 0 1717774219.8597238 0.0 Benign
UE 79 1717774220.1828704 v2.0 SECSM 0 41601 0 2089900007494 0 2 2 3 SecurityModeComplete 2 1 1 0 1717774219.826005 0 1717774219.8597238 0.0 Benign
UE 80 1717774242.725878 v2.0 SECSM 0 24050 0 0 0 0 0 3 RRCSetupRequest 0 0 0 0 0.0 0 0.0 0.0 Benign
UE 81 1717774242.7261324 v2.0 SECSM 0 24050 0 0 0 0 0 3 RRCSetup 2 0 0 0 1717774242.7261324 0 0.0 0.0 Benign
UE 82 1717774242.7598057 v2.0 SECSM 0 24050 0 2089900007495 0 0 0 3 RRCSetupComplete 2 0 0 0 1717774242.7261324 0 0.0 0.0 Benign
UE 83 1717774242.7598057 v2.0 SECSM 0 24050 0 2089900007495 0 0 0 3 Registrationrequest 2 1 0 0 1717774242.7261324 0 1717774242.7598057 0.0 Benign
UE 84 1717774242.8288133 v2.0 SECSM 0 24050 0 2089900007495 0 0 0 3 Authenticationrequest 2 1 0 0 1717774242.7261324 0 1717774242.7598057 0.0 Benign
UE 85 1717774242.8497727 v2.0 SECSM 0 24050 0 2089900007495 0 0 0 3 Authenticationresponse 2 1 0 0 1717774242.7261324 0 1717774242.7598057 0.0 Benign
UE 86 1717774242.8530216 v2.0 SECSM 0 24050 0 2089900007495 0 0 0 3 Securitymodecommand 2 1 0 0 1717774242.7261324 0 1717774242.7598057 0.0 Benign
UE 87 1717774242.8748105 v2.0 SECSM 0 24050 0 2089900007495 0 0 0 3 Securitymodecomplete 2 1 1 0 1717774242.7261324 0 1717774242.7598057 0.0 Benign
UE 88 1717774242.878756 v2.0 SECSM 0 24050 0 2089900007495 0 2 2 3 SecurityModeCommand 2 1 1 0 1717774242.7261324 0 1717774242.7598057 0.0 Benign
UE 89 1717774243.086868 v2.0 SECSM 0 24050 0 2089900007495 0 2 2 3 SecurityModeComplete 2 1 1 0 1717774242.7261324 0 1717774242.7598057 0.0 Benign
UE 90 1717774268.725874 v2.0 SECSM 0 26760 0 0 0 0 0 3 RRCSetupRequest 0 0 0 0 0.0 0 0.0 0.0 Benign
UE 91 1717774268.7261457 v2.0 SECSM 0 26760 0 0 0 0 0 3 RRCSetup 2 0 0 0 1717774268.7261457 0 0.0 0.0 Benign
UE 92 1717774268.7598512 v2.0 SECSM 0 26760 0 2089900007496 0 0 0 3 RRCSetupComplete 2 0 0 0 1717774268.7261457 0 0.0 0.0 Benign
UE 93 1717774268.7598512 v2.0 SECSM 0 26760 0 2089900007496 0 0 0 3 Registrationrequest 2 1 0 0 1717774268.7261457 0 1717774268.7598512 0.0 Benign
UE 94 1717774268.8621783 v2.0 SECSM 0 26760 0 2089900007496 0 0 0 3 Authenticationrequest 2 1 0 0 1717774268.7261457 0 1717774268.7598512 0.0 Benign
UE 95 1717774268.884837 v2.0 SECSM 0 26760 0 2089900007496 0 0 0 3 Authenticationresponse 2 1 0 0 1717774268.7261457 0 1717774268.7598512 0.0 Benign
UE 96 1717774268.8881557 v2.0 SECSM 0 26760 0 2089900007496 0 0 0 3 Securitymodecommand 2 1 0 0 1717774268.7261457 0 1717774268.7598512 0.0 Benign
UE 97 1717774268.909846 v2.0 SECSM 0 26760 0 2089900007496 0 0 0 3 Securitymodecomplete 2 1 1 0 1717774268.7261457 0 1717774268.7598512 0.0 Benign
UE 98 1717774268.9139116 v2.0 SECSM 0 26760 0 2089900007496 0 2 2 3 SecurityModeCommand 2 1 1 0 1717774268.7261457 0 1717774268.7598512 0.0 Benign
UE 99 1717774269.1188705 v2.0 SECSM 0 26760 0 2089900007496 0 2 2 3 SecurityModeComplete 2 1 1 0 1717774268.7261457 0 1717774268.7598512 0.0 Benign
UE 0 1711647858.1762395 v2.0 SECSM 0 17130 0 0 0 0 0 3 RRCSetupRequest 0 0 0 0 0.0 0 0.0 0.0 Benign
UE 1 1711647858.1766183 v2.0 SECSM 0 17130 0 0 0 0 0 3 RRCSetup 2 0 0 0 1711647858.1766183 0 0.0 0.0 Benign
UE 2 1711647860.756196 v2.0 SECSM 0 59479 0 0 0 0 0 3 RRCSetupRequest 0 0 0 0 0.0 0 0.0 0.0 Benign
UE 3 1711647860.7565649 v2.0 SECSM 0 59479 0 0 0 0 0 3 RRCSetup 2 0 0 0 1711647860.7565649 0 0.0 0.0 Benign
UE 4 1711647862.8158443 v2.0 SECSM 0 46590 0 0 0 0 0 3 RRCSetupRequest 0 0 0 0 0.0 0 0.0 0.0 Benign
UE 5 1711647862.8162308 v2.0 SECSM 0 46590 0 0 0 0 0 3 RRCSetup 2 0 0 0 1711647862.8162308 0 0.0 0.0 Benign
UE 6 1711647865.1158788 v2.0 SECSM 0 46713 0 0 0 0 0 3 RRCSetupRequest 0 0 0 0 0.0 0 0.0 0.0 Benign
UE 7 1711647865.116243 v2.0 SECSM 0 46713 0 0 0 0 0 3 RRCSetup 2 0 0 0 1711647865.116243 0 0.0 0.0 Benign
UE 8 1711647867.1662533 v2.0 SECSM 0 55413 0 0 0 0 0 3 RRCSetupRequest 0 0 0 0 0.0 0 0.0 0.0 Benign
UE 9 1711647867.16665 v2.0 SECSM 0 55413 0 0 0 0 0 3 RRCSetup 2 0 0 0 1711647867.16665 0 0.0 0.0 Benign
UE 10 1711647881.4458272 v2.0 SECSM 0 42264 0 0 0 0 0 3 RRCSetupRequest 0 0 0 0 0.0 0 0.0 0.0 Benign
UE 11 1711647881.4462192 v2.0 SECSM 0 42264 0 0 0 0 0 3 RRCSetup 2 0 0 0 1711647881.4462192 0 0.0 0.0 Benign
UE 12 1711647883.7462363 v2.0 SECSM 0 48089 0 0 0 0 0 3 RRCSetupRequest 0 0 0 0 0.0 0 0.0 0.0 Benign
UE 13 1711647883.7466156 v2.0 SECSM 0 48089 0 0 0 0 0 3 RRCSetup 2 0 0 0 1711647883.7466156 0 0.0 0.0 Benign
UE 14 1711647884.9056077 v2.0 SECSM 0 48089 0 1010000000001 0 0 0 3 RRCSetupComplete 2 0 0 0 1711647883.7466156 0 0.0 0.0 Benign
UE 15 1711647884.9056077 v2.0 SECSM 0 48089 0 1010000000001 0 0 0 3 Registrationrequest 2 1 0 0 1711647883.7466156 0 1711647884.9056077 0.0 Benign
UE 16 1711647884.9972718 v2.0 SECSM 0 48089 0 1010000000001 0 0 0 3 Authenticationrequest 2 1 0 0 1711647883.7466156 0 1711647884.9056077 0.0 Benign
UE 17 1711647885.1267755 v2.0 SECSM 0 48089 0 1010000000001 0 0 0 3 Authenticationresponse 2 1 0 0 1711647883.7466156 0 1711647884.9056077 0.0 Benign
UE 18 1711647885.1282072 v2.0 SECSM 0 48089 0 1010000000001 0 0 0 3 Securitymodecommand 2 1 0 0 1711647883.7466156 0 1711647884.9056077 0.0 Benign
UE 19 1711647885.2706327 v2.0 SECSM 0 48089 0 1010000000001 0 0 0 3 ULInformationTransfer 2 1 0 0 1711647883.7466156 0 1711647884.9056077 0.0 Benign
UE 20 1711647885.2732673 v2.0 SECSM 0 48089 0 1010000000001 0 2 2 3 SecurityModeCommand 2 1 0 0 1711647883.7466156 0 1711647884.9056077 0.0 Benign
UE 21 1711647885.4166188 v2.0 SECSM 0 48089 0 1010000000001 0 2 2 3 SecurityModeComplete 2 1 1 0 1711647883.7466156 0 1711647884.9056077 0.0 Benign
UE 22 1711647920.11583 v2.0 SECSM 0 52892 0 0 0 0 0 3 RRCSetupRequest 0 0 0 0 0.0 0 0.0 0.0 Benign
UE 23 1711647920.1162117 v2.0 SECSM 0 52892 0 0 0 0 0 3 RRCSetup 2 0 0 0 1711647920.1162117 0 0.0 0.0 Benign
UE 24 1711647923.9557898 v2.0 SECSM 0 31179 0 0 0 0 0 3 RRCSetupRequest 0 0 0 0 0.0 0 0.0 0.0 Benign
UE 25 1711647923.9561725 v2.0 SECSM 0 31179 0 0 0 0 0 3 RRCSetup 2 0 0 0 1711647923.9561725 0 0.0 0.0 Benign
UE 26 1711647927.855831 v2.0 SECSM 0 27215 0 0 0 0 0 3 RRCSetupRequest 0 0 0 0 0.0 0 0.0 0.0 Benign
UE 27 1711647927.8562102 v2.0 SECSM 0 27215 0 0 0 0 0 3 RRCSetup 2 0 0 0 1711647927.8562102 0 0.0 0.0 Benign
UE 28 1711647931.305797 v2.0 SECSM 0 26273 0 0 0 0 0 3 RRCSetupRequest 0 0 0 0 0.0 0 0.0 0.0 Benign
UE 29 1711647931.3062053 v2.0 SECSM 0 26273 0 0 0 0 0 3 RRCSetup 2 0 0 0 1711647931.3062053 0 0.0 0.0 Benign
UE 30 1711647935.045824 v2.0 SECSM 0 28375 0 0 0 0 0 3 RRCSetupRequest 0 0 0 0 0.0 0 0.0 0.0 Benign
UE 31 1711647935.0462031 v2.0 SECSM 0 28375 0 0 0 0 0 3 RRCSetup 2 0 0 0 1711647935.0462031 0 0.0 0.0 Benign
UE 32 1711647945.5957723 v2.0 SECSM 0 35647 0 0 0 0 0 3 RRCSetupRequest 0 0 0 0 0.0 0 0.0 0.0 Benign
UE 33 1711647945.59623 v2.0 SECSM 0 35647 0 0 0 0 0 3 RRCSetup 2 0 0 0 1711647945.59623 0 0.0 0.0 Benign
UE 34 1711647947.7162223 v2.0 SECSM 0 58113 0 0 0 0 0 3 RRCSetupRequest 0 0 0 0 0.0 0 0.0 0.0 Benign
UE 35 1711647947.7166464 v2.0 SECSM 0 58113 0 0 0 0 0 3 RRCSetup 2 0 0 0 1711647947.7166464 0 0.0 0.0 Benign
UE 36 1711647948.636592 v2.0 SECSM 0 58113 0 1010000000001 0 0 0 3 RRCSetupComplete 2 0 0 0 1711647947.7166464 0 0.0 0.0 Benign
UE 37 1711647948.636592 v2.0 SECSM 0 58113 0 1010000000001 0 0 0 3 Registrationrequest 2 1 0 0 1711647947.7166464 0 1711647948.636592 0.0 Benign
UE 38 1711647948.7351236 v2.0 SECSM 0 58113 0 1010000000001 0 0 0 3 Authenticationrequest 2 1 0 0 1711647947.7166464 0 1711647948.636592 0.0 Benign
UE 39 1711647948.9855871 v2.0 SECSM 0 58113 0 1010000000001 0 0 0 3 Authenticationresponse 2 1 0 0 1711647947.7166464 0 1711647948.636592 0.0 Benign
UE 40 1711647948.98714 v2.0 SECSM 0 58113 0 1010000000001 0 0 0 3 Securitymodecommand 2 1 0 0 1711647947.7166464 0 1711647948.636592 0.0 Benign
UE 41 1711647949.075599 v2.0 SECSM 0 58113 0 1010000000001 0 0 0 3 ULInformationTransfer 2 1 0 0 1711647947.7166464 0 1711647948.636592 0.0 Benign
UE 42 1711647949.0781837 v2.0 SECSM 0 58113 0 1010000000001 0 2 2 3 SecurityModeCommand 2 1 0 0 1711647947.7166464 0 1711647948.636592 0.0 Benign
UE 43 1711647949.28059 v2.0 SECSM 0 58113 0 1010000000001 0 2 2 3 SecurityModeComplete 2 1 1 0 1711647947.7166464 0 1711647948.636592 0.0 Benign
UE 0 1715107500.4148183 v2.0 SECSM 0 56520 0 0 0 0 0 3 RRCSetupRequest 0 0 0 0 0.0 0 0.0 0.0 Benign
UE 1 1715107500.415302 v2.0 SECSM 0 56520 0 0 0 0 0 3 RRCSetup 2 0 0 0 1715107500.415302 0 0.0 0.0 Benign
UE 2 1715107500.4479403 v2.0 SECSM 0 56520 0 2089900007488 0 0 0 3 RRCSetupComplete 2 0 0 0 1715107500.415302 0 0.0 0.0 Benign
UE 3 1715107500.4479403 v2.0 SECSM 0 56520 0 2089900007488 0 0 0 3 Registrationrequest 2 1 0 0 1715107500.415302 0 1715107500.4479403 0.0 Benign
UE 4 1715107500.4560373 v2.0 SECSM 0 56520 0 2089900007488 0 0 0 3 Authenticationrequest 2 1 0 0 1715107500.415302 0 1715107500.4479403 0.0 Benign
UE 5 1715107500.477864 v2.0 SECSM 0 56520 0 2089900007488 0 0 0 3 Authenticationresponse 2 1 0 0 1715107500.415302 0 1715107500.4479403 0.0 Benign
UE 6 1715107500.4809844 v2.0 SECSM 0 56520 0 2089900007488 0 0 0 3 Securitymodecommand 2 1 0 0 1715107500.415302 0 1715107500.4479403 0.0 Benign
UE 7 1715107500.502924 v2.0 SECSM 0 56520 0 2089900007488 0 0 0 3 Securitymodecomplete 2 1 1 0 1715107500.415302 0 1715107500.4479403 0.0 Benign
UE 8 1715107500.506894 v2.0 SECSM 0 56520 0 2089900007488 0 2 2 3 SecurityModeCommand 2 1 1 0 1715107500.415302 0 1715107500.4479403 0.0 Benign
UE 9 1715107500.7100663 v2.0 SECSM 0 56520 0 2089900007488 0 2 2 3 SecurityModeComplete 2 1 1 0 1715107500.415302 0 1715107500.4479403 0.0 Benign
UE 0 1715199078.8775043 v2.0 SECSM 0 64313 0 0 0 0 0 3 RRCSetupRequest 0 0 0 0 0.0 0 0.0 0.0 Benign
UE 1 1715199078.8779871 v2.0 SECSM 0 64313 0 0 0 0 0 3 RRCSetup 2 0 0 0 1715199078.8779871 0 0.0 0.0 Benign
UE 2 1715199078.9105558 v2.0 SECSM 0 64313 0 2089900007489 0 0 0 3 RRCSetupComplete 2 0 0 0 1715199078.8779871 0 0.0 0.0 Benign
UE 3 1715199078.9105558 v2.0 SECSM 0 64313 0 2089900007489 0 0 0 3 Registrationrequest 2 1 0 0 1715199078.8779871 0 1715199078.9105558 0.0 Benign
UE 4 1715199078.9188285 v2.0 SECSM 0 64313 0 2089900007489 0 0 0 3 Authenticationrequest 2 1 0 0 1715199078.8779871 0 1715199078.9105558 0.0 Benign
UE 5 1715199078.9405625 v2.0 SECSM 0 64313 0 2089900007489 0 0 0 3 Authenticationresponse 2 1 0 0 1715199078.8779871 0 1715199078.9105558 0.0 Benign
UE 6 1715199078.9437337 v2.0 SECSM 0 64313 0 2089900007489 0 0 0 3 Securitymodecommand 2 1 0 0 1715199078.8779871 0 1715199078.9105558 0.0 Benign
UE 7 1715199078.965561 v2.0 SECSM 0 64313 0 2089900007489 0 0 0 3 Securitymodecomplete 2 1 1 0 1715199078.8779871 0 1715199078.9105558 0.0 Benign
UE 8 1715199078.9691648 v2.0 SECSM 0 64313 0 2089900007489 0 2 2 3 SecurityModeCommand 2 1 1 0 1715199078.8779871 0 1715199078.9105558 0.0 Benign
UE 9 1715199079.171966 v2.0 SECSM 0 64313 0 2089900007489 0 2 2 3 SecurityModeComplete 2 1 1 0 1715199078.8779871 0 1715199078.9105558 0.0 Benign
UE 10 1715199112.5772645 v2.0 SECSM 0 12023 0 0 0 0 0 3 RRCSetupRequest 0 0 0 0 0.0 0 0.0 0.0 Benign
UE 11 1715199112.5776813 v2.0 SECSM 0 12023 0 0 0 0 0 3 RRCSetup 2 0 0 0 1715199112.5776813 0 0.0 0.0 Benign
UE 12 1715199112.6167977 v2.0 SECSM 0 12023 0 2089900007490 0 0 0 3 RRCSetupComplete 2 0 0 0 1715199112.5776813 0 0.0 0.0 Benign
UE 13 1715199112.6167977 v2.0 SECSM 0 12023 0 2089900007490 0 0 0 3 Registrationrequest 2 1 0 0 1715199112.5776813 0 1715199112.6167977 0.0 Benign
UE 14 1715199112.6247256 v2.0 SECSM 0 12023 0 2089900007490 0 0 0 3 Authenticationrequest 2 1 0 0 1715199112.5776813 0 1715199112.6167977 0.0 Benign
UE 15 1715199112.645634 v2.0 SECSM 0 12023 0 2089900007490 0 0 0 3 Authenticationresponse 2 1 0 0 1715199112.5776813 0 1715199112.6167977 0.0 Benign
UE 16 1715199112.6487293 v2.0 SECSM 0 12023 0 2089900007490 0 0 0 3 Securitymodecommand 2 1 0 0 1715199112.5776813 0 1715199112.6167977 0.0 Benign
UE 17 1715199112.6767755 v2.0 SECSM 0 12023 0 2089900007490 0 0 0 3 Securitymodecomplete 2 1 1 0 1715199112.5776813 0 1715199112.6167977 0.0 Benign
UE 18 1715199112.6803672 v2.0 SECSM 0 12023 0 2089900007490 0 2 2 3 SecurityModeCommand 2 1 1 0 1715199112.5776813 0 1715199112.6167977 0.0 Benign
UE 19 1715199112.8839295 v2.0 SECSM 0 12023 0 2089900007490 0 2 2 3 SecurityModeComplete 2 1 1 0 1715199112.5776813 0 1715199112.6167977 0.0 Benign
UE 0 1711638646.1604831 v2.0 SECSM 0 25359 0 0 0 0 0 3 RRCSetupRequest 0 0 0 0 0.0 0 0.0 0.0 Benign
UE 1 1711638646.160898 v2.0 SECSM 0 25359 0 0 0 0 0 3 RRCSetup 2 0 0 0 1711638646.160898 0 0.0 0.0 Benign
UE 2 1711638646.170504 v2.0 SECSM 0 25359 0 2089900007487 0 0 0 3 RRCSetupComplete 2 0 0 0 1711638646.160898 0 0.0 0.0 Benign
UE 3 1711638646.170504 v2.0 SECSM 0 25359 0 2089900007487 0 0 0 3 Registrationrequest 2 1 0 0 1711638646.160898 0 1711638646.170504 0.0 Benign
UE 4 1711638646.2480323 v2.0 SECSM 0 25359 0 2089900007487 0 0 0 3 Authenticationrequest 2 1 0 0 1711638646.160898 0 1711638646.170504 0.0 Benign
UE 5 1711638646.2540555 v2.0 SECSM 0 25359 0 2089900007487 0 0 0 3 Authenticationresponse 2 1 0 0 1711638646.160898 0 1711638646.170504 0.0 Benign
UE 6 1711638646.2556124 v2.0 SECSM 0 25359 0 2089900007487 0 0 0 3 Securitymodecommand 2 1 0 0 1711638646.160898 0 1711638646.170504 0.0 Benign
UE 7 1711638646.262766 v2.0 SECSM 0 25359 0 2089900007487 0 0 0 3 Securitymodecomplete 2 1 1 0 1711638646.160898 0 1711638646.170504 0.0 Benign
UE 8 1711638646.2650015 v2.0 SECSM 0 25359 0 2089900007487 0 2 2 3 SecurityModeCommand 2 1 1 0 1711638646.160898 0 1711638646.170504 0.0 Benign
UE 9 1711638646.4725876 v2.0 SECSM 0 25359 0 2089900007487 0 2 2 3 SecurityModeComplete 2 1 1 0 1711638646.160898 0 1711638646.170504 0.0 Benign
UE 10 1711638672.375306 v2.0 SECSM 0 35835 0 0 0 0 0 3 RRCSetupRequest 0 0 0 0 0.0 0 0.0 0.0 Benign
UE 11 1711638672.3757205 v2.0 SECSM 0 35835 0 0 0 0 0 3 RRCSetup 2 0 0 0 1711638672.3757205 0 0.0 0.0 Benign
UE 12 1711638672.3855617 v2.0 SECSM 0 35835 0 2089900007487 0 0 0 3 RRCSetupComplete 2 0 0 0 1711638672.3757205 0 0.0 0.0 Benign
UE 13 1711638672.3855617 v2.0 SECSM 0 35835 0 2089900007487 0 0 0 3 Registrationrequest 2 1 0 0 1711638672.3757205 0 1711638672.3855617 0.0 Benign
UE 14 1711638672.4908123 v2.0 SECSM 0 35835 0 2089900007487 0 0 0 3 Authenticationrequest 2 1 0 0 1711638672.3757205 0 1711638672.3855617 0.0 Benign
UE 15 1711638672.4963856 v2.0 SECSM 0 35835 0 2089900007487 0 0 0 3 Authenticationresponse 2 1 0 0 1711638672.3757205 0 1711638672.3855617 0.0 Benign
UE 16 1711638672.498292 v2.0 SECSM 0 35835 0 2089900007487 0 0 0 3 Securitymodecommand 2 1 0 0 1711638672.3757205 0 1711638672.3855617 0.0 Benign
UE 17 1711638672.507312 v2.0 SECSM 0 35835 0 2089900007487 0 0 0 3 Securitymodecomplete 2 1 1 0 1711638672.3757205 0 1711638672.3855617 0.0 Benign
UE 18 1711638672.5099306 v2.0 SECSM 0 35835 0 2089900007487 0 2 2 3 SecurityModeCommand 2 1 1 0 1711638672.3757205 0 1711638672.3855617 0.0 Benign
UE 19 1711638672.712585 v2.0 SECSM 0 35835 0 2089900007487 0 2 2 3 SecurityModeComplete 2 1 1 0 1711638672.3757205 0 1711638672.3855617 0.0 Benign
UE 0 1715453154.4246817 v2.0 SECSM 0 63928 0 0 0 0 0 3 RRCSetupRequest 0 0 0 0 0.0 0 0.0 0.0 Benign
UE 1 1715453154.425054 v2.0 SECSM 0 63928 0 0 0 0 0 3 RRCSetup 2 0 0 0 1715453154.425054 0 0.0 0.0 Benign
UE 2 1715453154.4402723 v2.0 SECSM 0 63928 0 2089900007487 0 0 0 3 RRCSetupComplete 2 0 0 0 1715453154.425054 0 0.0 0.0 Benign
UE 3 1715453154.4402723 v2.0 SECSM 0 63928 0 2089900007487 0 0 0 3 Registrationrequest 2 1 0 0 1715453154.425054 0 1715453154.4402723 0.0 Benign
UE 4 1715453154.6282544 v2.0 SECSM 0 63928 0 2089900007487 0 0 0 3 Authenticationrequest 2 1 0 0 1715453154.425054 0 1715453154.4402723 0.0 Benign
UE 5 1715453154.6356564 v2.0 SECSM 0 63928 0 2089900007487 0 0 0 3 Authenticationresponse 2 1 0 0 1715453154.425054 0 1715453154.4402723 0.0 Benign
UE 6 1715453154.6380684 v2.0 SECSM 0 63928 0 2089900007487 0 0 0 3 Securitymodecommand 2 1 0 0 1715453154.425054 0 1715453154.4402723 0.0 Benign
UE 7 1715453154.6462634 v2.0 SECSM 0 63928 0 2089900007487 0 0 0 3 Securitymodecomplete 2 1 1 0 1715453154.425054 0 1715453154.4402723 0.0 Benign
UE 8 1715453154.6496353 v2.0 SECSM 0 63928 0 2089900007487 0 2 2 3 SecurityModeCommand 2 1 1 0 1715453154.425054 0 1715453154.4402723 0.0 Benign
UE 9 1715453154.8565974 v2.0 SECSM 0 63928 0 2089900007487 0 2 2 3 SecurityModeComplete 2 1 1 0 1715453154.425054 0 1715453154.4402723 0.0 Benign
UE 0 1717773621.8245523 v2.0 SECSM 0 6472 0 0 0 0 0 3 RRCSetupRequest 0 0 0 0 0.0 0 0.0 0.0 Benign
UE 1 1717773621.8248508 v2.0 SECSM 0 6472 0 0 0 0 0 3 RRCSetup 2 0 0 0 1717773621.8248508 0 0.0 0.0 Benign
UE 2 1717773621.858293 v2.0 SECSM 0 6472 0 2089900007487 0 0 0 3 RRCSetupComplete 2 0 0 0 1717773621.8248508 0 0.0 0.0 Benign
UE 3 1717773621.858293 v2.0 SECSM 0 6472 0 2089900007487 0 0 0 3 Registrationrequest 2 1 0 0 1717773621.8248508 0 1717773621.858293 0.0 Benign
UE 4 1717773621.9369678 v2.0 SECSM 0 6472 0 2089900007487 0 0 0 3 Authenticationrequest 2 1 0 0 1717773621.8248508 0 1717773621.858293 0.0 Benign
UE 5 1717773621.958294 v2.0 SECSM 0 6472 0 2089900007487 0 0 0 3 Authenticationresponse 2 1 0 0 1717773621.8248508 0 1717773621.858293 0.0 Benign
UE 6 1717773621.9616525 v2.0 SECSM 0 6472 0 2089900007487 0 0 0 3 Securitymodecommand 2 1 0 0 1717773621.8248508 0 1717773621.858293 0.0 Benign
UE 7 1717773621.9832695 v2.0 SECSM 0 6472 0 2089900007487 0 0 0 3 Securitymodecomplete 2 1 1 0 1717773621.8248508 0 1717773621.858293 0.0 Benign
UE 8 1717773621.9874127 v2.0 SECSM 0 6472 0 2089900007487 0 2 2 3 SecurityModeCommand 2 1 1 0 1717773621.8248508 0 1717773621.858293 0.0 Benign
UE 9 1717773622.190734 v2.0 SECSM 0 6472 0 2089900007487 0 2 2 3 SecurityModeComplete 2 1 1 0 1717773621.8248508 0 1717773621.858293 0.0 Benign
UE 10 1717773674.8244143 v2.0 SECSM 0 36440 0 0 0 0 0 3 RRCSetupRequest 0 0 0 0 0.0 0 0.0 0.0 Benign
UE 11 1717773674.8246589 v2.0 SECSM 0 36440 0 0 0 0 0 3 RRCSetup 2 0 0 0 1717773674.8246589 0 0.0 0.0 Benign
UE 12 1717773674.858408 v2.0 SECSM 0 36440 0 2089900007488 0 0 0 3 RRCSetupComplete 2 0 0 0 1717773674.8246589 0 0.0 0.0 Benign
UE 13 1717773674.858408 v2.0 SECSM 0 36440 0 2089900007488 0 0 0 3 Registrationrequest 2 1 0 0 1717773674.8246589 0 1717773674.858408 0.0 Benign
UE 14 1717773674.9452417 v2.0 SECSM 0 36440 0 2089900007488 0 0 0 3 Authenticationrequest 2 1 0 0 1717773674.8246589 0 1717773674.858408 0.0 Benign
UE 15 1717773674.9684248 v2.0 SECSM 0 36440 0 2089900007488 0 0 0 3 Authenticationresponse 2 1 0 0 1717773674.8246589 0 1717773674.858408 0.0 Benign
UE 16 1717773674.9714968 v2.0 SECSM 0 36440 0 2089900007488 0 0 0 3 Securitymodecommand 2 1 0 0 1717773674.8246589 0 1717773674.858408 0.0 Benign
UE 17 1717773674.9934447 v2.0 SECSM 0 36440 0 2089900007488 0 0 0 3 Securitymodecomplete 2 1 1 0 1717773674.8246589 0 1717773674.858408 0.0 Benign
UE 18 1717773674.9971688 v2.0 SECSM 0 36440 0 2089900007488 0 2 2 3 SecurityModeCommand 2 1 1 0 1717773674.8246589 0 1717773674.858408 0.0 Benign
UE 19 1717773675.198734 v2.0 SECSM 0 36440 0 2089900007488 0 2 2 3 SecurityModeComplete 2 1 1 0 1717773674.8246589 0 1717773674.858408 0.0 Benign
UE 20 1717773703.7244833 v2.0 SECSM 0 13325 0 0 0 0 0 3 RRCSetupRequest 0 0 0 0 0.0 0 0.0 0.0 Benign
UE 21 1717773703.724743 v2.0 SECSM 0 13325 0 0 0 0 0 3 RRCSetup 2 0 0 0 1717773703.724743 0 0.0 0.0 Benign
UE 22 1717773703.749526 v2.0 SECSM 0 13325 0 2089900007489 0 0 0 3 RRCSetupComplete 2 0 0 0 1717773703.724743 0 0.0 0.0 Benign
UE 23 1717773703.749526 v2.0 SECSM 0 13325 0 2089900007489 0 0 0 3 Registrationrequest 2 1 0 0 1717773703.724743 0 1717773703.749526 0.0 Benign
UE 24 1717773703.8285844 v2.0 SECSM 0 13325 0 2089900007489 0 0 0 3 Authenticationrequest 2 1 0 0 1717773703.724743 0 1717773703.749526 0.0 Benign
UE 25 1717773703.8445113 v2.0 SECSM 0 13325 0 2089900007489 0 0 0 3 Authenticationresponse 2 1 0 0 1717773703.724743 0 1717773703.749526 0.0 Benign
UE 26 1717773703.8476107 v2.0 SECSM 0 13325 0 2089900007489 0 0 0 3 Securitymodecommand 2 1 0 0 1717773703.724743 0 1717773703.749526 0.0 Benign
UE 27 1717773703.859483 v2.0 SECSM 0 13325 0 2089900007489 0 0 0 3 Securitymodecomplete 2 1 1 0 1717773703.724743 0 1717773703.749526 0.0 Benign
UE 28 1717773703.863289 v2.0 SECSM 0 13325 0 2089900007489 0 2 2 3 SecurityModeCommand 2 1 1 0 1717773703.724743 0 1717773703.749526 0.0 Benign
UE 29 1717773704.070737 v2.0 SECSM 0 13325 0 2089900007489 0 2 2 3 SecurityModeComplete 2 1 1 0 1717773703.724743 0 1717773703.749526 0.0 Benign
UE 30 1717773735.7245996 v2.0 SECSM 0 60485 0 0 0 0 0 3 RRCSetupRequest 0 0 0 0 0.0 0 0.0 0.0 Benign
UE 31 1717773735.7248652 v2.0 SECSM 0 60485 0 0 0 0 0 3 RRCSetup 2 0 0 0 1717773735.7248652 0 0.0 0.0 Benign
UE 32 1717773735.7585592 v2.0 SECSM 0 60485 0 2089900007490 0 0 0 3 RRCSetupComplete 2 0 0 0 1717773735.7248652 0 0.0 0.0 Benign
UE 33 1717773735.7585592 v2.0 SECSM 0 60485 0 2089900007490 0 0 0 3 Registrationrequest 2 1 0 0 1717773735.7248652 0 1717773735.7585592 0.0 Benign
UE 34 1717773735.845258 v2.0 SECSM 0 60485 0 2089900007490 0 0 0 3 Authenticationrequest 2 1 0 0 1717773735.7248652 0 1717773735.7585592 0.0 Benign
UE 35 1717773735.8590956 v2.0 SECSM 0 60485 0 2089900007490 0 0 0 3 Authenticationresponse 2 1 0 0 1717773735.7248652 0 1717773735.7585592 0.0 Benign
UE 36 1717773735.862554 v2.0 SECSM 0 60485 0 2089900007490 0 0 0 3 Securitymodecommand 2 1 0 0 1717773735.7248652 0 1717773735.7585592 0.0 Benign
UE 37 1717773735.8835483 v2.0 SECSM 0 60485 0 2089900007490 0 0 0 3 Securitymodecomplete 2 1 1 0 1717773735.7248652 0 1717773735.7585592 0.0 Benign
UE 38 1717773735.8877256 v2.0 SECSM 0 60485 0 2089900007490 0 2 2 3 SecurityModeCommand 2 1 1 0 1717773735.7248652 0 1717773735.7585592 0.0 Benign
UE 39 1717773736.094736 v2.0 SECSM 0 60485 0 2089900007490 0 2 2 3 SecurityModeComplete 2 1 1 0 1717773735.7248652 0 1717773735.7585592 0.0 Benign
UE 40 1717773758.8246713 v2.0 SECSM 0 30712 0 0 0 0 0 3 RRCSetupRequest 0 0 0 0 0.0 0 0.0 0.0 Benign
UE 41 1717773758.8249257 v2.0 SECSM 0 30712 0 0 0 0 0 3 RRCSetup 2 0 0 0 1717773758.8249257 0 0.0 0.0 Benign
UE 42 1717773758.8586445 v2.0 SECSM 0 30712 0 2089900007491 0 0 0 3 RRCSetupComplete 2 0 0 0 1717773758.8249257 0 0.0 0.0 Benign
UE 43 1717773758.8586445 v2.0 SECSM 0 30712 0 2089900007491 0 0 0 3 Registrationrequest 2 1 0 0 1717773758.8249257 0 1717773758.8586445 0.0 Benign
UE 44 1717773758.9370022 v2.0 SECSM 0 30712 0 2089900007491 0 0 0 3 Authenticationrequest 2 1 0 0 1717773758.8249257 0 1717773758.8586445 0.0 Benign
UE 45 1717773758.9586077 v2.0 SECSM 0 30712 0 2089900007491 0 0 0 3 Authenticationresponse 2 1 0 0 1717773758.8249257 0 1717773758.8586445 0.0 Benign
UE 46 1717773758.9618995 v2.0 SECSM 0 30712 0 2089900007491 0 0 0 3 Securitymodecommand 2 1 0 0 1717773758.8249257 0 1717773758.8586445 0.0 Benign
UE 47 1717773758.9747634 v2.0 SECSM 0 30712 0 2089900007491 0 0 0 3 Securitymodecomplete 2 1 1 0 1717773758.8249257 0 1717773758.8586445 0.0 Benign
UE 48 1717773758.9787514 v2.0 SECSM 0 30712 0 2089900007491 0 2 2 3 SecurityModeCommand 2 1 1 0 1717773758.8249257 0 1717773758.8586445 0.0 Benign
UE 49 1717773759.1827354 v2.0 SECSM 0 30712 0 2089900007491 0 2 2 3 SecurityModeComplete 2 1 1 0 1717773758.8249257 0 1717773758.8586445 0.0 Benign
UE 50 1717773790.7246864 v2.0 SECSM 0 811 0 0 0 0 0 3 RRCSetupRequest 0 0 0 0 0.0 0 0.0 0.0 Benign
UE 51 1717773790.724936 v2.0 SECSM 0 811 0 0 0 0 0 3 RRCSetup 2 0 0 0 1717773790.724936 0 0.0 0.0 Benign
UE 52 1717773790.7497509 v2.0 SECSM 0 811 0 2089900007492 0 0 0 3 RRCSetupComplete 2 0 0 0 1717773790.724936 0 0.0 0.0 Benign
UE 53 1717773790.7497509 v2.0 SECSM 0 811 0 2089900007492 0 0 0 3 Registrationrequest 2 1 0 0 1717773790.724936 0 1717773790.7497509 0.0 Benign
UE 54 1717773790.8203323 v2.0 SECSM 0 811 0 2089900007492 0 0 0 3 Authenticationrequest 2 1 0 0 1717773790.724936 0 1717773790.7497509 0.0 Benign
UE 55 1717773790.8437088 v2.0 SECSM 0 811 0 2089900007492 0 0 0 3 Authenticationresponse 2 1 0 0 1717773790.724936 0 1717773790.7497509 0.0 Benign
UE 56 1717773790.8469532 v2.0 SECSM 0 811 0 2089900007492 0 0 0 3 Securitymodecommand 2 1 0 0 1717773790.724936 0 1717773790.7497509 0.0 Benign
UE 57 1717773790.86868 v2.0 SECSM 0 811 0 2089900007492 0 0 0 3 Securitymodecomplete 2 1 1 0 1717773790.724936 0 1717773790.7497509 0.0 Benign
UE 58 1717773790.872749 v2.0 SECSM 0 811 0 2089900007492 0 2 2 3 SecurityModeCommand 2 1 1 0 1717773790.724936 0 1717773790.7497509 0.0 Benign
UE 59 1717773791.0787356 v2.0 SECSM 0 811 0 2089900007492 0 2 2 3 SecurityModeComplete 2 1 1 0 1717773790.724936 0 1717773790.7497509 0.0 Benign
UE 60 1717773816.8247974 v2.0 SECSM 0 50248 0 0 0 0 0 3 RRCSetupRequest 0 0 0 0 0.0 0 0.0 0.0 Benign
UE 61 1717773816.82503 v2.0 SECSM 0 50248 0 0 0 0 0 3 RRCSetup 2 0 0 0 1717773816.82503 0 0.0 0.0 Benign
UE 62 1717773816.8498223 v2.0 SECSM 0 50248 0 2089900007493 0 0 0 3 RRCSetupComplete 2 0 0 0 1717773816.82503 0 0.0 0.0 Benign
UE 63 1717773816.8498223 v2.0 SECSM 0 50248 0 2089900007493 0 0 0 3 Registrationrequest 2 1 0 0 1717773816.82503 0 1717773816.8498223 0.0 Benign
UE 64 1717773816.9286852 v2.0 SECSM 0 50248 0 2089900007493 0 0 0 3 Authenticationrequest 2 1 0 0 1717773816.82503 0 1717773816.8498223 0.0 Benign
UE 65 1717773816.9538012 v2.0 SECSM 0 50248 0 2089900007493 0 0 0 3 Authenticationresponse 2 1 0 0 1717773816.82503 0 1717773816.8498223 0.0 Benign
UE 66 1717773816.9570768 v2.0 SECSM 0 50248 0 2089900007493 0 0 0 3 Securitymodecommand 2 1 0 0 1717773816.82503 0 1717773816.8498223 0.0 Benign
UE 67 1717773816.9787543 v2.0 SECSM 0 50248 0 2089900007493 0 0 0 3 Securitymodecomplete 2 1 1 0 1717773816.82503 0 1717773816.8498223 0.0 Benign
UE 68 1717773816.9829447 v2.0 SECSM 0 50248 0 2089900007493 0 2 2 3 SecurityModeCommand 2 1 1 0 1717773816.82503 0 1717773816.8498223 0.0 Benign
UE 69 1717773817.1907356 v2.0 SECSM 0 50248 0 2089900007493 0 2 2 3 SecurityModeComplete 2 1 1 0 1717773816.82503 0 1717773816.8498223 0.0 Benign
UE 70 1717773848.724838 v2.0 SECSM 0 43226 0 0 0 0 0 3 RRCSetupRequest 0 0 0 0 0.0 0 0.0 0.0 Benign
UE 71 1717773848.7250996 v2.0 SECSM 0 43226 0 0 0 0 0 3 RRCSetup 2 0 0 0 1717773848.7250996 0 0.0 0.0 Benign
UE 72 1717773848.758823 v2.0 SECSM 0 43226 0 2089900007494 0 0 0 3 RRCSetupComplete 2 0 0 0 1717773848.7250996 0 0.0 0.0 Benign
UE 73 1717773848.758823 v2.0 SECSM 0 43226 0 2089900007494 0 0 0 3 Registrationrequest 2 1 0 0 1717773848.7250996 0 1717773848.758823 0.0 Benign
UE 74 1717773848.8536794 v2.0 SECSM 0 43226 0 2089900007494 0 0 0 3 Authenticationrequest 2 1 0 0 1717773848.7250996 0 1717773848.758823 0.0 Benign
UE 75 1717773848.8688958 v2.0 SECSM 0 43226 0 2089900007494 0 0 0 3 Authenticationresponse 2 1 0 0 1717773848.7250996 0 1717773848.758823 0.0 Benign
UE 76 1717773848.8719053 v2.0 SECSM 0 43226 0 2089900007494 0 0 0 3 Securitymodecommand 2 1 0 0 1717773848.7250996 0 1717773848.758823 0.0 Benign
UE 77 1717773848.8938048 v2.0 SECSM 0 43226 0 2089900007494 0 0 0 3 Securitymodecomplete 2 1 1 0 1717773848.7250996 0 1717773848.758823 0.0 Benign
UE 78 1717773848.8975506 v2.0 SECSM 0 43226 0 2089900007494 0 2 2 3 SecurityModeCommand 2 1 1 0 1717773848.7250996 0 1717773848.758823 0.0 Benign
UE 79 1717773849.1027365 v2.0 SECSM 0 43226 0 2089900007494 0 2 2 3 SecurityModeComplete 2 1 1 0 1717773848.7250996 0 1717773848.758823 0.0 Benign
UE 80 1717773884.7249644 v2.0 SECSM 0 10424 0 0 0 0 0 3 RRCSetupRequest 0 0 0 0 0.0 0 0.0 0.0 Benign
UE 81 1717773884.725224 v2.0 SECSM 0 10424 0 0 0 0 0 3 RRCSetup 2 0 0 0 1717773884.725224 0 0.0 0.0 Benign
UE 82 1717773884.758943 v2.0 SECSM 0 10424 0 2089900007495 0 0 0 3 RRCSetupComplete 2 0 0 0 1717773884.725224 0 0.0 0.0 Benign
UE 83 1717773884.758943 v2.0 SECSM 0 10424 0 2089900007495 0 0 0 3 Registrationrequest 2 1 0 0 1717773884.725224 0 1717773884.758943 0.0 Benign
UE 84 1717773884.836952 v2.0 SECSM 0 10424 0 2089900007495 0 0 0 3 Authenticationrequest 2 1 0 0 1717773884.725224 0 1717773884.758943 0.0 Benign
UE 85 1717773884.8589168 v2.0 SECSM 0 10424 0 2089900007495 0 0 0 3 Authenticationresponse 2 1 0 0 1717773884.725224 0 1717773884.758943 0.0 Benign
UE 86 1717773884.8620443 v2.0 SECSM 0 10424 0 2089900007495 0 0 0 3 Securitymodecommand 2 1 0 0 1717773884.725224 0 1717773884.758943 0.0 Benign
UE 87 1717773884.8838909 v2.0 SECSM 0 10424 0 2089900007495 0 0 0 3 Securitymodecomplete 2 1 1 0 1717773884.725224 0 1717773884.758943 0.0 Benign
UE 88 1717773884.8876984 v2.0 SECSM 0 10424 0 2089900007495 0 2 2 3 SecurityModeCommand 2 1 1 0 1717773884.725224 0 1717773884.758943 0.0 Benign
UE 89 1717773885.0947363 v2.0 SECSM 0 10424 0 2089900007495 0 2 2 3 SecurityModeComplete 2 1 1 0 1717773884.725224 0 1717773884.758943 0.0 Benign
UE 0 1711637400.7320657 v2.0 SECSM 0 9405 0 0 0 0 0 3 RRCSetupRequest 0 0 0 0 0.0 0 0.0 0.0 Benign
UE 1 1711637400.7324579 v2.0 SECSM 0 9405 0 0 0 0 0 3 RRCSetup 2 0 0 0 1711637400.7324579 0 0.0 0.0 Benign
UE 2 1711637402.611673 v2.0 SECSM 0 10888 0 0 0 0 0 3 RRCSetupRequest 0 0 0 0 0.0 0 0.0 0.0 Benign
UE 3 1711637402.612052 v2.0 SECSM 0 10888 0 0 0 0 0 3 RRCSetup 2 0 0 0 1711637402.612052 0 0.0 0.0 Benign
UE 4 1711637404.6320415 v2.0 SECSM 0 6161 0 0 0 0 0 3 RRCSetupRequest 0 0 0 0 0.0 0 0.0 0.0 Benign
UE 5 1711637404.632424 v2.0 SECSM 0 6161 0 0 0 0 0 3 RRCSetup 2 0 0 0 1711637404.632424 0 0.0 0.0 Benign
UE 6 1711637406.6120431 v2.0 SECSM 0 54623 0 0 0 0 0 3 RRCSetupRequest 0 0 0 0 0.0 0 0.0 0.0 Benign
UE 7 1711637406.6124303 v2.0 SECSM 0 54623 0 0 0 0 0 3 RRCSetup 2 0 0 0 1711637406.6124303 0 0.0 0.0 Benign
UE 8 1711637408.6916356 v2.0 SECSM 0 52234 0 0 0 0 0 3 RRCSetupRequest 0 0 0 0 0.0 0 0.0 0.0 Benign
UE 9 1711637408.6920009 v2.0 SECSM 0 52234 0 0 0 0 0 3 RRCSetup 2 0 0 0 1711637408.6920009 0 0.0 0.0 Benign
UE 10 1711637418.5116353 v2.0 SECSM 0 61692 0 0 0 0 0 3 RRCSetupRequest 0 0 0 0 0.0 0 0.0 0.0 Benign
UE 11 1711637418.511998 v2.0 SECSM 0 61692 0 0 0 0 0 3 RRCSetup 2 0 0 0 1711637418.511998 0 0.0 0.0 Benign
UE 12 1711637419.191357 v2.0 SECSM 0 61692 0 1010000000002 0 0 0 3 RRCSetupComplete 2 0 0 0 1711637418.511998 0 0.0 0.0 Benign
UE 13 1711637419.191357 v2.0 SECSM 0 61692 0 1010000000002 0 0 0 3 Registrationrequest 2 1 0 0 1711637418.511998 0 1711637419.191357 0.0 Benign
UE 14 1711637419.2909706 v2.0 SECSM 0 61692 0 1010000000002 0 0 0 3 Authenticationrequest 2 1 0 0 1711637418.511998 0 1711637419.191357 0.0 Benign
UE 15 1711637419.4263933 v2.0 SECSM 0 61692 0 1010000000002 0 0 0 3 Authenticationresponse 2 1 0 0 1711637418.511998 0 1711637419.191357 0.0 Benign
UE 16 1711637419.428135 v2.0 SECSM 0 61692 0 1010000000002 0 0 0 3 Securitymodecommand 2 1 0 0 1711637418.511998 0 1711637419.191357 0.0 Benign
UE 17 1711637419.7523627 v2.0 SECSM 0 61692 0 1010000000002 0 0 0 3 Securitymodecomplete 2 1 1 0 1711637418.511998 0 1711637419.191357 0.0 Benign
UE 18 1711637419.7556164 v2.0 SECSM 0 61692 0 1010000000002 0 2 2 3 SecurityModeCommand 2 1 1 0 1711637418.511998 0 1711637419.191357 0.0 Benign
UE 19 1711637419.9605892 v2.0 SECSM 0 61692 0 1010000000002 0 2 2 3 SecurityModeComplete 2 1 1 0 1711637418.511998 0 1711637419.191357 0.0 Benign
UE 20 1711637461.5114956 v2.0 SECSM 0 54479 0 0 0 0 0 3 RRCSetupRequest 0 0 0 0 0.0 0 0.0 0.0 Benign
UE 21 1711637461.5118866 v2.0 SECSM 0 54479 0 0 0 0 0 3 RRCSetup 2 0 0 0 1711637461.5118866 0 0.0 0.0 Benign
UE 22 1711637464.6315265 v2.0 SECSM 0 63841 0 0 0 0 0 3 RRCSetupRequest 0 0 0 0 0.0 0 0.0 0.0 Benign
UE 23 1711637464.6319127 v2.0 SECSM 0 63841 0 0 0 0 0 3 RRCSetup 2 0 0 0 1711637464.6319127 0 0.0 0.0 Benign
UE 24 1711637468.251498 v2.0 SECSM 0 35768 0 0 0 0 0 3 RRCSetupRequest 0 0 0 0 0.0 0 0.0 0.0 Benign
UE 25 1711637468.2518613 v2.0 SECSM 0 35768 0 0 0 0 0 3 RRCSetup 2 0 0 0 1711637468.2518613 0 0.0 0.0 Benign
UE 26 1711637471.2914677 v2.0 SECSM 0 46069 0 0 0 0 0 3 RRCSetupRequest 0 0 0 0 0.0 0 0.0 0.0 Benign
UE 27 1711637471.29183 v2.0 SECSM 0 46069 0 0 0 0 0 3 RRCSetup 2 0 0 0 1711637471.29183 0 0.0 0.0 Benign
UE 28 1711637474.2915113 v2.0 SECSM 0 1544 0 0 0 0 0 3 RRCSetupRequest 0 0 0 0 0.0 0 0.0 0.0 Benign
UE 29 1711637474.2918768 v2.0 SECSM 0 1544 0 0 0 0 0 3 RRCSetup 2 0 0 0 1711637474.2918768 0 0.0 0.0 Benign
UE 30 1711637475.6962645 v2.0 SECSM 0 1544 0 0 0 0 0 3 RRCSetupComplete 2 0 0 0 1711637474.2918768 0 0.0 0.0 Benign
UE 31 1711637475.6962645 v2.0 SECSM 0 1544 0 0 0 0 0 3 Registrationrequest 2 1 0 0 1711637474.2918768 0 1711637475.6962645 0.0 Benign
UE 32 1711637475.6983764 v2.0 SECSM 0 1544 0 0 0 0 0 3 Identityrequest 2 1 0 0 1711637474.2918768 0 1711637475.6962645 0.0 Benign
UE 33 1711637475.896224 v2.0 SECSM 0 1544 0 1010000000002 0 0 0 3 Identityresponse 2 1 0 0 1711637474.2918768 0 1711637475.6962645 0.0 Benign
UE 34 1711637475.9916823 v2.0 SECSM 0 1544 0 1010000000002 0 0 0 3 Authenticationrequest 2 1 0 0 1711637474.2918768 0 1711637475.6962645 0.0 Benign
UE 35 1711637476.1312628 v2.0 SECSM 0 1544 0 1010000000002 0 0 0 3 Authenticationresponse 2 1 0 0 1711637474.2918768 0 1711637475.6962645 0.0 Benign
UE 36 1711637476.1331744 v2.0 SECSM 0 1544 0 1010000000002 0 0 0 3 Securitymodecommand 2 1 0 0 1711637474.2918768 0 1711637475.6962645 0.0 Benign
UE 37 1711637476.20628 v2.0 SECSM 0 1544 0 1010000000002 0 0 0 3 Securitymodecomplete 2 1 1 0 1711637474.2918768 0 1711637475.6962645 0.0 Benign
UE 38 1711637476.2092545 v2.0 SECSM 0 1544 0 1010000000002 0 2 2 3 SecurityModeCommand 2 1 1 0 1711637474.2918768 0 1711637475.6962645 0.0 Benign
UE 39 1711637476.4165945 v2.0 SECSM 0 1544 0 1010000000002 0 2 2 3 SecurityModeComplete 2 1 1 0 1711637474.2918768 0 1711637475.6962645 0.0 Benign
UE 40 1711637527.151338 v2.0 SECSM 0 42371 0 0 0 0 0 3 RRCSetupRequest 0 0 0 0 0.0 0 0.0 0.0 Benign
UE 41 1711637527.151612 v2.0 SECSM 0 42371 0 0 0 0 0 3 RRCSetup 2 0 0 0 1711637527.151612 0 0.0 0.0 Benign
UE 42 1711637530.0312953 v2.0 SECSM 0 62104 0 0 0 0 0 3 RRCSetupRequest 0 0 0 0 0.0 0 0.0 0.0 Benign
UE 43 1711637530.0315626 v2.0 SECSM 0 62104 0 0 0 0 0 3 RRCSetup 2 0 0 0 1711637530.0315626 0 0.0 0.0 Benign
UE 44 1711637533.0313296 v2.0 SECSM 0 42935 0 0 0 0 0 3 RRCSetupRequest 0 0 0 0 0.0 0 0.0 0.0 Benign
UE 45 1711637533.0315945 v2.0 SECSM 0 42935 0 0 0 0 0 3 RRCSetup 2 0 0 0 1711637533.0315945 0 0.0 0.0 Benign
UE 46 1711637535.9313428 v2.0 SECSM 0 53367 0 0 0 0 0 3 RRCSetupRequest 0 0 0 0 0.0 0 0.0 0.0 Benign
UE 47 1711637535.9316092 v2.0 SECSM 0 53367 0 0 0 0 0 3 RRCSetup 2 0 0 0 1711637535.9316092 0 0.0 0.0 Benign
UE 48 1711637539.031304 v2.0 SECSM 0 27460 0 0 0 0 0 3 RRCSetupRequest 0 0 0 0 0.0 0 0.0 0.0 Benign
UE 49 1711637539.0316868 v2.0 SECSM 0 27460 0 0 0 0 0 3 RRCSetup 2 0 0 0 1711637539.0316868 0 0.0 0.0 Benign
UE 50 1711637551.0312889 v2.0 SECSM 0 51765 0 0 0 0 0 3 RRCSetupRequest 0 0 0 0 0.0 0 0.0 0.0 Benign
UE 51 1711637551.0316699 v2.0 SECSM 0 51765 0 0 0 0 0 3 RRCSetup 2 0 0 0 1711637551.0316699 0 0.0 0.0 Benign
UE 52 1711637553.1312938 v2.0 SECSM 0 30154 0 0 0 0 0 3 RRCSetupRequest 0 0 0 0 0.0 0 0.0 0.0 Benign
UE 53 1711637553.1316664 v2.0 SECSM 0 30154 0 0 0 0 0 3 RRCSetup 2 0 0 0 1711637553.1316664 0 0.0 0.0 Benign
UE 54 1711637555.0313032 v2.0 SECSM 0 54069 0 0 0 0 0 3 RRCSetupRequest 0 0 0 0 0.0 0 0.0 0.0 Benign
UE 55 1711637555.0317264 v2.0 SECSM 0 54069 0 0 0 0 0 3 RRCSetup 2 0 0 0 1711637555.0317264 0 0.0 0.0 Benign
UE 56 1711637556.8512557 v2.0 SECSM 0 60802 0 0 0 0 0 3 RRCSetupRequest 0 0 0 0 0.0 0 0.0 0.0 Benign
UE 57 1711637556.8516269 v2.0 SECSM 0 60802 0 0 0 0 0 3 RRCSetup 2 0 0 0 1711637556.8516269 0 0.0 0.0 Benign
UE 58 1711637558.791239 v2.0 SECSM 0 42950 0 0 0 0 0 3 RRCSetupRequest 0 0 0 0 0.0 0 0.0 0.0 Benign
UE 59 1711637558.791619 v2.0 SECSM 0 42950 0 0 0 0 0 3 RRCSetup 2 0 0 0 1711637558.791619 0 0.0 0.0 Benign
UE 60 1711637570.731248 v2.0 SECSM 0 43636 0 0 0 0 0 3 RRCSetupRequest 0 0 0 0 0.0 0 0.0 0.0 Benign
UE 61 1711637570.7315235 v2.0 SECSM 0 43636 0 0 0 0 0 3 RRCSetup 2 0 0 0 1711637570.7315235 0 0.0 0.0 Benign
UE 62 1711637572.671634 v2.0 SECSM 0 10354 0 0 0 0 0 3 RRCSetupRequest 0 0 0 0 0.0 0 0.0 0.0 Benign
UE 63 1711637572.6718974 v2.0 SECSM 0 10354 0 0 0 0 0 3 RRCSetup 2 0 0 0 1711637572.6718974 0 0.0 0.0 Benign
UE 64 1711637574.4512396 v2.0 SECSM 0 52850 0 0 0 0 0 3 RRCSetupRequest 0 0 0 0 0.0 0 0.0 0.0 Benign
UE 65 1711637574.4515188 v2.0 SECSM 0 52850 0 0 0 0 0 3 RRCSetup 2 0 0 0 1711637574.4515188 0 0.0 0.0 Benign
UE 66 1711637576.6911757 v2.0 SECSM 0 57440 0 0 0 0 0 3 RRCSetupRequest 0 0 0 0 0.0 0 0.0 0.0 Benign
UE 67 1711637576.6914585 v2.0 SECSM 0 57440 0 0 0 0 0 3 RRCSetup 2 0 0 0 1711637576.6914585 0 0.0 0.0 Benign
UE 68 1711637578.4712532 v2.0 SECSM 0 38680 0 0 0 0 0 3 RRCSetupRequest 0 0 0 0 0.0 0 0.0 0.0 Benign
UE 69 1711637578.4715197 v2.0 SECSM 0 38680 0 0 0 0 0 3 RRCSetup 2 0 0 0 1711637578.4715197 0 0.0 0.0 Benign
UE 0 1715105661.3124611 v2.0 SECSM 0 22689 0 0 0 0 0 3 RRCSetupRequest 0 0 0 0 0.0 0 0.0 0.0 Benign
UE 1 1715105661.3129177 v2.0 SECSM 0 22689 0 0 0 0 0 3 RRCSetup 2 0 0 0 1715105661.3129177 0 0.0 0.0 Benign
UE 2 1715105661.3455226 v2.0 SECSM 0 22689 0 2089900007487 0 0 0 3 RRCSetupComplete 2 0 0 0 1715105661.3129177 0 0.0 0.0 Benign
UE 3 1715105661.3455226 v2.0 SECSM 0 22689 0 2089900007487 0 0 0 3 Registrationrequest 2 1 0 0 1715105661.3129177 0 1715105661.3455226 0.0 Benign
UE 4 1715105661.3538063 v2.0 SECSM 0 22689 0 2089900007487 0 0 0 3 Authenticationrequest 2 1 0 0 1715105661.3129177 0 1715105661.3455226 0.0 Benign
UE 5 1715105661.375579 v2.0 SECSM 0 22689 0 2089900007487 0 0 0 3 Authenticationresponse 2 1 0 0 1715105661.3129177 0 1715105661.3455226 0.0 Benign
UE 6 1715105661.3789556 v2.0 SECSM 0 22689 0 2089900007487 0 0 0 3 Securitymodecommand 2 1 0 0 1715105661.3129177 0 1715105661.3455226 0.0 Benign
UE 7 1715105661.400556 v2.0 SECSM 0 22689 0 2089900007487 0 0 0 3 Securitymodecomplete 2 1 1 0 1715105661.3129177 0 1715105661.3455226 0.0 Benign
UE 8 1715105661.4045103 v2.0 SECSM 0 22689 0 2089900007487 0 2 2 3 SecurityModeCommand 2 1 1 0 1715105661.3129177 0 1715105661.3455226 0.0 Benign
UE 9 1715105661.606206 v2.0 SECSM 0 22689 0 2089900007487 0 2 2 3 SecurityModeComplete 2 1 1 0 1715105661.3129177 0 1715105661.3455226 0.0 Benign
UE 0 1715198538.516054 v2.0 SECSM 0 762 1777776 0 0 0 0 3 RRCSetupRequest 0 0 0 0 0.0 0 0.0 0.0 Attack
UE 1 1715198538.5164945 v2.0 SECSM 0 762 1777776 0 0 0 0 3 RRCSetup 2 0 0 0 1715198538.5164945 0 0.0 0.0 Attack
UE 2 1715198538.5491698 v2.0 SECSM 0 762 1777776 2089900007487 0 0 0 3 RRCSetupComplete 2 0 0 0 1715198538.5164945 0 0.0 0.0 Attack
UE 3 1715198538.5491698 v2.0 SECSM 0 762 1777776 2089900007487 0 0 0 3 Registrationrequest 2 1 0 0 1715198538.5164945 0 1715198538.5491698 0.0 Attack
UE 4 1715198538.5572016 v2.0 SECSM 0 762 1777776 2089900007487 0 0 0 3 Authenticationrequest 2 1 0 0 1715198538.5164945 0 1715198538.5491698 0.0 Attack
UE 5 1715198538.5791528 v2.0 SECSM 0 762 1777776 2089900007487 0 0 0 3 Authenticationresponse 2 1 0 0 1715198538.5164945 0 1715198538.5491698 0.0 Attack
UE 6 1715198538.5823205 v2.0 SECSM 0 762 1777776 2089900007487 0 0 0 3 Securitymodecommand 2 1 0 0 1715198538.5164945 0 1715198538.5491698 0.0 Attack
UE 7 1715198538.6043773 v2.0 SECSM 0 762 1777776 2089900007487 0 0 0 3 Securitymodecomplete 2 1 1 0 1715198538.5164945 0 1715198538.5491698 0.0 Attack
UE 8 1715198538.6082225 v2.0 SECSM 0 762 1777776 2089900007487 0 2 2 3 SecurityModeCommand 2 1 1 0 1715198538.5164945 0 1715198538.5491698 0.0 Attack
UE 9 1715198538.8120265 v2.0 SECSM 0 762 1777776 2089900007487 0 2 2 3 SecurityModeComplete 2 1 1 0 1715198538.5164945 0 1715198538.5491698 0.0 Attack
UE 10 1715198552.1957371 v2.0 SECSM 0 63968 1777776 0 0 0 0 3 RRCSetupRequest 0 0 0 0 0.0 0 0.0 0.0 Attack
UE 0 1715198380.5157533 v2.0 SECSM 0 61850 246912 0 0 0 0 3 RRCSetupRequest 0 0 0 0 0.0 0 0.0 0.0 Attack
UE 1 1715198380.5162368 v2.0 SECSM 0 61850 246912 0 0 0 0 3 RRCSetup 2 0 0 0 1715198380.5162368 0 0.0 0.0 Attack
UE 2 1715198380.5487795 v2.0 SECSM 0 61850 246912 2089900007487 0 0 0 3 RRCSetupComplete 2 0 0 0 1715198380.5162368 0 0.0 0.0 Attack
UE 3 1715198380.5487795 v2.0 SECSM 0 61850 246912 2089900007487 0 0 0 3 Registrationrequest 2 1 0 0 1715198380.5162368 0 1715198380.5487795 0.0 Attack
UE 4 1715198380.55694 v2.0 SECSM 0 61850 246912 2089900007487 0 0 0 3 Authenticationrequest 2 1 0 0 1715198380.5162368 0 1715198380.5487795 0.0 Attack
UE 5 1715198380.5787265 v2.0 SECSM 0 61850 246912 2089900007487 0 0 0 3 Authenticationresponse 2 1 0 0 1715198380.5162368 0 1715198380.5487795 0.0 Attack
UE 6 1715198380.5815573 v2.0 SECSM 0 61850 246912 2089900007487 0 0 0 3 Securitymodecommand 2 1 0 0 1715198380.5162368 0 1715198380.5487795 0.0 Attack
UE 7 1715198380.603686 v2.0 SECSM 0 61850 246912 2089900007487 0 0 0 3 Securitymodecomplete 2 1 1 0 1715198380.5162368 0 1715198380.5487795 0.0 Attack
UE 8 1715198380.607754 v2.0 SECSM 0 61850 246912 2089900007487 0 2 2 3 SecurityModeCommand 2 1 1 0 1715198380.5162368 0 1715198380.5487795 0.0 Attack
UE 9 1715198380.8119223 v2.0 SECSM 0 61850 246912 2089900007487 0 2 2 3 SecurityModeComplete 2 1 1 0 1715198380.5162368 0 1715198380.5487795 0.0 Attack
UE 10 1715198394.2953703 v2.0 SECSM 0 53464 246912 0 0 0 0 3 RRCSetupRequest 0 0 0 0 0.0 0 0.0 0.0 Attack
UE 0 1715198465.615924 v2.0 SECSM 0 55410 1999998 0 0 0 0 3 RRCSetupRequest 0 0 0 0 0.0 0 0.0 0.0 Attack
UE 1 1715198465.616367 v2.0 SECSM 0 55410 1999998 0 0 0 0 3 RRCSetup 2 0 0 0 1715198465.616367 0 0.0 0.0 Attack
UE 2 1715198465.6489666 v2.0 SECSM 0 55410 1999998 2089900007487 0 0 0 3 RRCSetupComplete 2 0 0 0 1715198465.616367 0 0.0 0.0 Attack
UE 3 1715198465.6489666 v2.0 SECSM 0 55410 1999998 2089900007487 0 0 0 3 Registrationrequest 2 1 0 0 1715198465.616367 0 1715198465.6489666 0.0 Attack
UE 4 1715198465.656901 v2.0 SECSM 0 55410 1999998 2089900007487 0 0 0 3 Authenticationrequest 2 1 0 0 1715198465.616367 0 1715198465.6489666 0.0 Attack
UE 5 1715198465.678939 v2.0 SECSM 0 55410 1999998 2089900007487 0 0 0 3 Authenticationresponse 2 1 0 0 1715198465.616367 0 1715198465.6489666 0.0 Attack
UE 6 1715198465.6819072 v2.0 SECSM 0 55410 1999998 2089900007487 0 0 0 3 Securitymodecommand 2 1 0 0 1715198465.616367 0 1715198465.6489666 0.0 Attack
UE 7 1715198465.7039905 v2.0 SECSM 0 55410 1999998 2089900007487 0 0 0 3 Securitymodecomplete 2 1 1 0 1715198465.616367 0 1715198465.6489666 0.0 Attack
UE 8 1715198465.7074656 v2.0 SECSM 0 55410 1999998 2089900007487 0 2 2 3 SecurityModeCommand 2 1 1 0 1715198465.616367 0 1715198465.6489666 0.0 Attack
UE 9 1715198465.9079084 v2.0 SECSM 0 55410 1999998 2089900007487 0 2 2 3 SecurityModeComplete 2 1 1 0 1715198465.616367 0 1715198465.6489666 0.0 Attack
UE 10 1715198482.195535 v2.0 SECSM 0 51080 1999998 0 0 0 0 3 RRCSetupRequest 0 0 0 0 0.0 0 0.0 0.0 Attack
UE 0 1715112727.2816596 v2.0 SECSM 0 26168 0 0 0 0 0 3 RRCSetupRequest 0 0 0 0 0.0 0 0.0 0.0 Attack
UE 1 1715112727.282102 v2.0 SECSM 0 26168 0 0 0 0 0 3 RRCSetup 2 0 0 0 1715112727.282102 0 0.0 0.0 Attack
UE 2 1715112727.314648 v2.0 SECSM 0 26168 0 2089900000000 0 0 0 3 RRCSetupComplete 2 0 0 0 1715112727.282102 0 0.0 0.0 Attack
UE 3 1715112727.314648 v2.0 SECSM 0 26168 0 2089900000000 0 0 0 3 Registrationrequest 2 1 0 0 1715112727.282102 0 1715112727.314648 0.0 Attack
UE 4 1715112727.3215601 v2.0 SECSM 0 26168 0 2089900000000 0 0 0 3 Authenticationrequest 2 1 0 0 1715112727.282102 0 1715112727.314648 0.0 Attack
UE 0 1715112825.381611 v2.0 SECSM 0 50192 0 0 0 0 0 3 RRCSetupRequest 0 0 0 0 0.0 0 0.0 0.0 Attack
UE 1 1715112825.3820732 v2.0 SECSM 0 50192 0 0 0 0 0 3 RRCSetup 2 0 0 0 1715112825.3820732 0 0.0 0.0 Attack
UE 2 1715112825.4209962 v2.0 SECSM 0 50192 0 0 0 0 0 3 RRCSetupComplete 2 0 0 0 1715112825.3820732 0 0.0 0.0 Attack
UE 3 1715112825.4209962 v2.0 SECSM 0 50192 0 0 0 0 0 3 Registrationrequest 2 1 0 0 1715112825.3820732 0 1715112825.4209962 0.0 Attack
UE 4 1715112825.4250176 v2.0 SECSM 0 50192 0 0 0 0 0 3 Identityrequest 2 1 0 0 1715112825.3820732 0 1715112825.4209962 0.0 Attack
UE 5 1715112825.4497492 v2.0 SECSM 0 50192 0 2089900000000 0 0 0 3 Identityresponse 2 1 0 0 1715112825.3820732 0 1715112825.4209962 0.0 Attack
UE 6 1715112825.4559724 v2.0 SECSM 0 50192 0 2089900000000 0 0 0 3 Authenticationrequest 2 1 0 0 1715112825.3820732 0 1715112825.4209962 0.0 Attack
UE 7 1715112825.4796975 v2.0 SECSM 0 50192 0 2089900000000 0 0 0 3 Authenticationresponse 2 1 0 0 1715112825.3820732 0 1715112825.4209962 0.0 Attack
UE 8 1715112825.4823563 v2.0 SECSM 0 50192 0 2089900000000 0 0 0 3 Registrationreject 2 0 0 3 1715112825.3820732 0 1715112825.4209962 1715112825.4823563 Attack
UE 0 1715112113.380394 v2.0 SECSM 0 37847 0 0 0 0 0 3 RRCSetupRequest 0 0 0 0 0.0 0 0.0 0.0 Attack
UE 1 1715112113.382082 v2.0 SECSM 0 37847 0 0 0 0 0 3 RRCSetup 2 0 0 0 1715112113.382082 0 0.0 0.0 Attack
UE 2 1715112113.41378 v2.0 SECSM 0 37847 0 2089900000000 0 0 0 3 RRCSetupComplete 2 0 0 0 1715112113.382082 0 0.0 0.0 Attack
UE 3 1715112113.41378 v2.0 SECSM 0 37847 0 2089900000000 0 0 0 3 Registrationrequest 2 1 0 0 1715112113.382082 0 1715112113.41378 0.0 Attack
UE 4 1715112113.422068 v2.0 SECSM 0 37847 0 2089900000000 0 0 0 3 Authenticationrequest 2 1 0 0 1715112113.382082 0 1715112113.41378 0.0 Attack
UE 5 1715112113.72016 v2.0 SECSM 0 16266 0 0 0 0 0 3 RRCSetupRequest 0 0 0 0 0.0 0 0.0 0.0 Attack
UE 6 1715112113.722053 v2.0 SECSM 0 16266 0 0 0 0 0 3 RRCSetup 2 0 0 0 1715112113.722053 0 0.0 0.0 Attack
UE 7 1715112113.753752 v2.0 SECSM 0 16266 0 2089900000010 0 0 0 3 RRCSetupComplete 2 0 0 0 1715112113.722053 0 0.0 0.0 Attack
UE 8 1715112113.753752 v2.0 SECSM 0 16266 0 2089900000010 0 0 0 3 Registrationrequest 2 1 0 0 1715112113.722053 0 1715112113.753752 0.0 Attack
UE 9 1715112113.760531 v2.0 SECSM 0 16266 0 2089900000010 0 0 0 3 Authenticationrequest 2 1 0 0 1715112113.722053 0 1715112113.753752 0.0 Attack
UE 10 1715112114.06007 v2.0 SECSM 0 30195 0 0 0 0 0 3 RRCSetupRequest 0 0 0 0 0.0 0 0.0 0.0 Attack
UE 11 1715112114.062056 v2.0 SECSM 0 30195 0 0 0 0 0 3 RRCSetup 2 0 0 0 1715112114.062056 0 0.0 0.0 Attack
UE 12 1715112114.099804 v2.0 SECSM 0 30195 0 2089900000020 0 0 0 3 RRCSetupComplete 2 0 0 0 1715112114.062056 0 0.0 0.0 Attack
UE 13 1715112114.099804 v2.0 SECSM 0 30195 0 2089900000020 0 0 0 3 Registrationrequest 2 1 0 0 1715112114.062056 0 1715112114.099804 0.0 Attack
UE 14 1715112114.107133 v2.0 SECSM 0 30195 0 2089900000020 0 0 0 3 Authenticationrequest 2 1 0 0 1715112114.062056 0 1715112114.099804 0.0 Attack
UE 15 1715112114.113699 v2.0 SECSM 0 30195 0 2089900000020 0 0 0 3 Authenticationrequest 2 1 0 0 1715112114.062056 0 1715112114.099804 0.0 Attack
UE 16 1715112114.11965 v2.0 SECSM 0 30195 0 2089900000020 0 0 0 3 Authenticationrequest 2 1 0 0 1715112114.062056 0 1715112114.099804 0.0 Attack
UE 0 1715113388.2823417 v2.0 SECSM 0 53538 0 0 0 0 0 3 RRCSetupRequest 0 0 0 0 0.0 0 0.0 0.0 Attack
UE 1 1715113388.2827976 v2.0 SECSM 0 53538 0 0 0 0 0 3 RRCSetup 2 0 0 0 1715113388.2827976 0 0.0 0.0 Attack
UE 2 1715113388.3217692 v2.0 SECSM 0 53538 0 2089900007487 0 0 0 3 RRCSetupComplete 2 0 0 0 1715113388.2827976 0 0.0 0.0 Attack
UE 3 1715113388.3217692 v2.0 SECSM 0 53538 0 2089900007487 0 0 0 3 Registrationrequest 2 1 0 0 1715113388.2827976 0 1715113388.3217692 0.0 Attack
UE 4 1715113388.3291352 v2.0 SECSM 0 53538 0 2089900007487 0 0 0 3 Authenticationrequest 2 1 0 0 1715113388.2827976 0 1715113388.3217692 0.0 Attack
UE 5 1715113388.3506927 v2.0 SECSM 0 53538 0 2089900007487 0 0 0 3 Authenticationresponse 2 1 0 0 1715113388.2827976 0 1715113388.3217692 0.0 Attack
UE 6 1715113388.3536024 v2.0 SECSM 0 53538 0 2089900007487 0 0 0 3 Securitymodecommand 2 1 0 0 1715113388.2827976 0 1715113388.3217692 0.0 Attack
UE 0 1715112520.381255 v2.0 SECSM 0 43066 0 0 0 0 0 3 RRCSetupRequest 0 0 0 0 0.0 0 0.0 0.0 Attack
UE 1 1715112520.3816996 v2.0 SECSM 0 43066 0 0 0 0 0 3 RRCSetup 2 0 0 0 1715112520.3816996 0 0.0 0.0 Attack
UE 0 1715113350.2823067 v2.0 SECSM 0 12056 0 0 0 0 0 3 RRCSetupRequest 0 0 0 0 0.0 0 0.0 0.0 Attack
UE 1 1715113350.2827146 v2.0 SECSM 0 12056 0 0 0 0 0 3 RRCSetup 2 0 0 0 1715113350.2827146 0 0.0 0.0 Attack
UE 2 1715113350.321704 v2.0 SECSM 0 12056 0 2089900007487 0 0 0 3 RRCSetupComplete 2 0 0 0 1715113350.2827146 0 0.0 0.0 Attack
UE 3 1715113350.321704 v2.0 SECSM 0 12056 0 2089900007487 0 0 0 3 Registrationrequest 2 1 0 0 1715113350.2827146 0 1715113350.321704 0.0 Attack
UE 4 1715113350.3294404 v2.0 SECSM 0 12056 0 2089900007487 0 0 0 3 Authenticationrequest 2 1 0 0 1715113350.2827146 0 1715113350.321704 0.0 Attack
UE 5 1715113350.3506372 v2.0 SECSM 0 12056 0 2089900007487 0 0 0 3 Authenticationresponse 2 1 0 0 1715113350.2827146 0 1715113350.321704 0.0 Attack
UE 6 1715113350.353814 v2.0 SECSM 0 12056 0 2089900007487 0 0 0 3 Securitymodecommand 2 1 0 0 1715113350.2827146 0 1715113350.321704 0.0 Attack
UE 7 1715113350.381438 v2.0 SECSM 0 12056 0 2089900007487 0 0 0 3 Securitymodecomplete 2 1 1 0 1715113350.2827146 0 1715113350.321704 0.0 Attack
UE 8 1715113350.3854084 v2.0 SECSM 0 12056 0 2089900007487 0 2 2 3 SecurityModeCommand 2 1 1 0 1715113350.2827146 0 1715113350.321704 0.0 Attack
UE 9 1715113350.5901537 v2.0 SECSM 0 12056 0 2089900007487 0 2 2 3 SecurityModeFailure 2 1 1 0 1715113350.2827146 0 1715113350.321704 0.0 Attack
UE 10 1715113350.5903351 v2.0 SECSM 0 12056 0 2089900007487 0 2 2 3 UECapabilityEnquiry 2 1 1 0 1715113350.2827146 0 1715113350.321704 0.0 Attack
UE 0 1715112165.380547 v2.0 SECSM 0 33264 0 0 0 0 0 3 RRCSetupRequest 0 0 0 0 0.0 0 0.0 0.0 Attack
UE 1 1715112165.382133 v2.0 SECSM 0 33264 0 0 0 0 0 3 RRCSetup 2 0 0 0 1715112165.382133 0 0.0 0.0 Attack
UE 2 1715112165.413812 v2.0 SECSM 0 33264 0 2089900000000 0 0 0 3 RRCSetupComplete 2 0 0 0 1715112165.382133 0 0.0 0.0 Attack
UE 3 1715112165.413812 v2.0 SECSM 0 33264 0 2089900000000 0 0 0 3 Registrationrequest 2 1 0 0 1715112165.382133 0 1715112165.413812 0.0 Attack
UE 4 1715112165.422124 v2.0 SECSM 0 33264 0 2089900000000 0 0 0 3 Authenticationrequest 2 1 0 0 1715112165.382133 0 1715112165.413812 0.0 Attack
UE 5 1715112166.020225 v2.0 SECSM 0 29295 0 0 0 0 0 3 RRCSetupRequest 0 0 0 0 0.0 0 0.0 0.0 Attack
UE 6 1715112166.022152 v2.0 SECSM 0 29295 0 0 0 0 0 3 RRCSetup 2 0 0 0 1715112166.022152 0 0.0 0.0 Attack
UE 7 1715112166.059907 v2.0 SECSM 0 29295 0 2089900000010 0 0 0 3 RRCSetupComplete 2 0 0 0 1715112166.022152 0 0.0 0.0 Attack
UE 8 1715112166.059907 v2.0 SECSM 0 29295 0 2089900000010 0 0 0 3 Registrationrequest 2 1 0 0 1715112166.022152 0 1715112166.059907 0.0 Attack
UE 9 1715112166.067199 v2.0 SECSM 0 29295 0 2089900000010 0 0 0 3 Authenticationrequest 2 1 0 0 1715112166.022152 0 1715112166.059907 0.0 Attack
UE 10 1715112166.073743 v2.0 SECSM 0 29295 0 2089900000010 0 0 0 3 Authenticationrequest 2 1 0 0 1715112166.022152 0 1715112166.059907 0.0 Attack
UE 11 1715112166.079748 v2.0 SECSM 0 29295 0 2089900000010 0 0 0 3 Authenticationrequest 2 1 0 0 1715112166.022152 0 1715112166.059907 0.0 Attack
UE 12 1715112166.088775 v2.0 SECSM 0 29295 0 2089900000010 0 0 0 3 Authenticationrequest 2 1 0 0 1715112166.022152 0 1715112166.059907 0.0 Attack
UE 0 1715112959.381818 v2.0 SECSM 0 47344 0 0 0 0 0 3 RRCSetupRequest 0 0 0 0 0.0 0 0.0 0.0 Attack
UE 1 1715112959.3822732 v2.0 SECSM 0 47344 0 0 0 0 0 3 RRCSetup 2 0 0 0 1715112959.3822732 0 0.0 0.0 Attack
UE 2 1715112959.4212427 v2.0 SECSM 0 47344 0 2089900000000 0 0 0 3 RRCSetupComplete 2 0 0 0 1715112959.3822732 0 0.0 0.0 Attack
UE 3 1715112959.4212427 v2.0 SECSM 0 47344 0 2089900000000 0 0 0 3 Registrationrequest 2 1 0 0 1715112959.3822732 0 1715112959.4212427 0.0 Attack
UE 4 1715112959.4279108 v2.0 SECSM 0 47344 0 2089900000000 0 0 0 3 Authenticationrequest 2 1 0 0 1715112959.3822732 0 1715112959.4212427 0.0 Attack
UE 5 1715112959.4559708 v2.0 SECSM 0 47344 0 2089900000000 0 0 0 3 Identityresponse 2 1 0 0 1715112959.3822732 0 1715112959.4212427 0.0 Attack
UE 0 1715111925.280176 v2.0 SECSM 0 5008 0 0 0 0 0 3 RRCSetupRequest 0 0 0 0 0.0 0 0.0 0.0 Attack
UE 1 1715111925.281819 v2.0 SECSM 0 5008 0 0 0 0 0 3 RRCSetup 2 0 0 0 1715111925.281819 0 0.0 0.0 Attack
UE 2 1715111925.319827 v2.0 SECSM 0 5008 0 2089900000000 0 0 0 3 RRCSetupComplete 2 0 0 0 1715111925.281819 0 0.0 0.0 Attack
UE 3 1715111925.319827 v2.0 SECSM 0 5008 0 2089900000000 0 0 0 3 Registrationrequest 2 1 0 0 1715111925.281819 0 1715111925.319827 0.0 Attack
UE 4 1715111925.327285 v2.0 SECSM 0 5008 0 2089900000000 0 0 0 3 Authenticationrequest 2 1 0 0 1715111925.281819 0 1715111925.319827 0.0 Attack
UE 5 1715111925.719859 v2.0 SECSM 0 38784 0 0 0 0 0 3 RRCSetupRequest 0 0 0 0 0.0 0 0.0 0.0 Attack
UE 6 1715111925.721825 v2.0 SECSM 0 38784 0 0 0 0 0 3 RRCSetup 2 0 0 0 1715111925.721825 0 0.0 0.0 Attack
UE 7 1715111925.75963 v2.0 SECSM 0 38784 0 2089900000010 0 0 0 3 RRCSetupComplete 2 0 0 0 1715111925.721825 0 0.0 0.0 Attack
UE 8 1715111925.75963 v2.0 SECSM 0 38784 0 2089900000010 0 0 0 3 Registrationrequest 2 1 0 0 1715111925.721825 0 1715111925.75963 0.0 Attack
UE 9 1715111925.76684 v2.0 SECSM 0 38784 0 2089900000010 0 0 0 3 Authenticationrequest 2 1 0 0 1715111925.721825 0 1715111925.75963 0.0 Attack
UE 10 1715111926.059824 v2.0 SECSM 0 17134 0 0 0 0 0 3 RRCSetupRequest 0 0 0 0 0.0 0 0.0 0.0 Attack
UE 11 1715111926.061825 v2.0 SECSM 0 17134 0 0 0 0 0 3 RRCSetup 2 0 0 0 1715111926.061825 0 0.0 0.0 Attack
UE 12 1715111926.099629 v2.0 SECSM 0 17134 0 2089900000020 0 0 0 3 RRCSetupComplete 2 0 0 0 1715111926.061825 0 0.0 0.0 Attack
UE 13 1715111926.099629 v2.0 SECSM 0 17134 0 2089900000020 0 0 0 3 Registrationrequest 2 1 0 0 1715111926.061825 0 1715111926.099629 0.0 Attack
UE 14 1715111926.10683 v2.0 SECSM 0 17134 0 2089900000020 0 0 0 3 Authenticationrequest 2 1 0 0 1715111926.061825 0 1715111926.099629 0.0 Attack
UE 15 1715111926.399825 v2.0 SECSM 0 62256 0 0 0 0 0 3 RRCSetupRequest 0 0 0 0 0.0 0 0.0 0.0 Attack
UE 16 1715111926.401817 v2.0 SECSM 0 62256 0 0 0 0 0 3 RRCSetup 2 0 0 0 1715111926.401817 0 0.0 0.0 Attack
UE 17 1715111926.439617 v2.0 SECSM 0 62256 0 2089900000030 0 0 0 3 RRCSetupComplete 2 0 0 0 1715111926.401817 0 0.0 0.0 Attack
UE 18 1715111926.439617 v2.0 SECSM 0 62256 0 2089900000030 0 0 0 3 Registrationrequest 2 1 0 0 1715111926.401817 0 1715111926.439617 0.0 Attack
UE 19 1715111926.446829 v2.0 SECSM 0 62256 0 2089900000030 0 0 0 3 Authenticationrequest 2 1 0 0 1715111926.401817 0 1715111926.439617 0.0 Attack
UE 20 1715111926.739908 v2.0 SECSM 0 43597 0 0 0 0 0 3 RRCSetupRequest 0 0 0 0 0.0 0 0.0 0.0 Attack
UE 21 1715111926.741812 v2.0 SECSM 0 43597 0 0 0 0 0 3 RRCSetup 2 0 0 0 1715111926.741812 0 0.0 0.0 Attack


